Game Turn, Event, Attacker, Unit, Defender, Unit, Mayhem, Current Total
40, Combat, 8, UNIT_ARCHER, 16, UNIT_CROSSBOWMAN, 1.0, 1986.0
40, Combat, 8, UNIT_SWORDSMAN, 16, UNIT_CROSSBOWMAN, 1.0, 1987.0
40, Combat, 9, UNIT_CROSSBOWMAN, 4, UNIT_SWORDSMAN, 1.0, 1988.0
40, Combat, 9, UNIT_CROSSBOWMAN, 4, UNIT_NUBIAN_PITATI, 1.0, 1989.0
40, Combat, 9, UNIT_CATAPULT, 4, UNIT_SWORDSMAN, 1.0, 1990.0
40, Combat, 9, UNIT_CROSSBOWMAN, 4, UNIT_VAMPIRE, 1.0, 1991.0
40, Combat, 9, District, 4, UNIT_VAMPIRE, 1.0, 1992.0
40, Combat, 16, UNIT_SWORDSMAN, 8, UNIT_SWORDSMAN, 1.0, 1993.0
40, Combat, 16, UNIT_SWORDSMAN, 8, UNIT_SWORDSMAN, 1.0, 1994.0
40, Death, 16, UNIT_SWORDSMAN, 8, UNIT_SWORDSMAN, 1.0, 1995.0
41, Combat, 6, UNIT_SKIRMISHER, 4, UNIT_WARRIOR, 1.0, 1996.0
41, Death, 6, UNIT_SKIRMISHER, 4, UNIT_WARRIOR, 1.0, 1997.0
41, Declare war, 5, , 14, , 4.0, 2001.0
41, Declare war, 6, , 14, , 4.0, 2005.0
41, Declare war, 7, , 14, , 4.0, 2009.0
41, Declare war, 14, , 0, , 2.0, 2011.0
41, Declare war, 14, , 1, , 2.0, 2013.0
41, Declare war, 13, , 14, , 2.0, 2015.0
41, Declare war, 21, , 14, , 2.0, 2017.0
41, Declare war, 14, , 2, , 2.0, 2019.0
41, Declare war, 15, , 14, , 2.0, 2021.0
41, Declare war, 14, , 3, , 2.0, 2023.0
41, Declare war, 14, , 4, , 2.0, 2025.0
41, Declare war, 10, , 14, , 2.0, 2027.0
41, Declare war, 16, , 14, , 2.0, 2029.0
41, Declare war, 20, , 14, , 2.0, 2031.0
41, Declare war, 14, , 0, , 2.0, 2033.0
41, Declare war, 14, , 1, , 2.0, 2035.0
41, Declare war, 13, , 14, , 2.0, 2037.0
41, Declare war, 21, , 14, , 2.0, 2039.0
41, Declare war, 14, , 2, , 2.0, 2041.0
41, Declare war, 15, , 14, , 2.0, 2043.0
41, Declare war, 14, , 3, , 2.0, 2045.0
41, Declare war, 14, , 4, , 2.0, 2047.0
41, Declare war, 10, , 14, , 2.0, 2049.0
41, Declare war, 16, , 14, , 2.0, 2051.0
41, Declare war, 20, , 14, , 2.0, 2053.0
41, Declare war, 14, , 0, , 2.0, 2055.0
41, Declare war, 14, , 1, , 2.0, 2057.0
41, Declare war, 13, , 14, , 2.0, 2059.0
41, Declare war, 21, , 14, , 2.0, 2061.0
41, Declare war, 14, , 2, , 2.0, 2063.0
41, Declare war, 15, , 14, , 2.0, 2065.0
41, Declare war, 14, , 3, , 2.0, 2067.0
41, Declare war, 14, , 4, , 2.0, 2069.0
41, Declare war, 10, , 14, , 2.0, 2071.0
41, Declare war, 16, , 14, , 2.0, 2073.0
41, Declare war, 20, , 14, , 2.0, 2075.0
41, Declare war, 14, , 0, , 2.0, 2077.0
41, Declare war, 14, , 1, , 2.0, 2079.0
41, Declare war, 13, , 14, , 2.0, 2081.0
41, Declare war, 21, , 14, , 2.0, 2083.0
41, Declare war, 14, , 2, , 2.0, 2085.0
41, Declare war, 15, , 14, , 2.0, 2087.0
41, Declare war, 14, , 3, , 2.0, 2089.0
41, Declare war, 14, , 4, , 2.0, 2091.0
41, Declare war, 10, , 14, , 2.0, 2093.0
41, Declare war, 16, , 14, , 2.0, 2095.0
41, Declare war, 20, , 14, , 2.0, 2097.0
41, Declare war, 14, , 0, , 2.0, 2099.0
41, Declare war, 14, , 1, , 2.0, 2101.0
41, Declare war, 13, , 14, , 2.0, 2103.0
41, Declare war, 21, , 14, , 2.0, 2105.0
41, Declare war, 14, , 2, , 2.0, 2107.0
41, Declare war, 15, , 14, , 2.0, 2109.0
41, Declare war, 14, , 3, , 2.0, 2111.0
41, Declare war, 14, , 4, , 2.0, 2113.0
41, Declare war, 10, , 14, , 2.0, 2115.0
41, Declare war, 16, , 14, , 2.0, 2117.0
41, Declare war, 20, , 14, , 2.0, 2119.0
41, Declare war, 14, , 10, , 2.0, 2121.0
41, Declare war, 14, , 13, , 2.0, 2123.0
41, Declare war, 14, , 15, , 2.0, 2125.0
41, Declare war, 14, , 16, , 2.0, 2127.0
41, Declare war, 14, , 20, , 2.0, 2129.0
41, Declare war, 14, , 21, , 2.0, 2131.0
41, Declare war, 8, , 14, , 4.0, 2135.0
41, Declare war, 9, , 14, , 4.0, 2139.0
41, Combat, 8, UNIT_ARCHER, 16, UNIT_SWORDSMAN, 1.0, 2140.0
41, Combat, 9, UNIT_CROSSBOWMAN, 4, UNIT_SWORDSMAN, 1.0, 2141.0
41, Combat, 9, UNIT_CROSSBOWMAN, 4, UNIT_SWORDSMAN, 1.0, 2142.0
41, Combat, 9, UNIT_CATAPULT, 4, UNIT_SWORDSMAN, 1.0, 2143.0
41, Combat, 9, UNIT_MAN_AT_ARMS, 4, UNIT_SWORDSMAN, 1.0, 2144.0
41, Death, 9, UNIT_MAN_AT_ARMS, 4, UNIT_SWORDSMAN, 1.0, 2145.0
41, Combat, 16, UNIT_CROSSBOWMAN, 8, UNIT_HORSEMAN, 1.0, 2146.0
41, Death, 16, UNIT_CROSSBOWMAN, 8, UNIT_HORSEMAN, 1.0, 2147.0
41, Combat, 16, UNIT_SWORDSMAN, 8, UNIT_SWORDSMAN, 1.0, 2148.0
41, Death, 8, UNIT_SWORDSMAN, 16, UNIT_SWORDSMAN, 1.0, 2149.0
41, Combat, 16, UNIT_SWORDSMAN, 8, UNIT_ARCHER, 1.0, 2150.0
42, Combat, 7, UNIT_SWORDSMAN, 14, UNIT_CATAPULT, 1.0, 2151.0
42, Combat, 16, UNIT_CROSSBOWMAN, 8, UNIT_SWORDSMAN, 1.0, 2152.0
43, Combat, 5, UNIT_MACEDONIAN_HETAIROI, 2, UNIT_WARRIOR, 1.0, 2153.0
43, Combat, 7, UNIT_SWORDSMAN, 14, UNIT_SWORDSMAN, 1.0, 2154.0
43, Combat, 8, UNIT_ARCHER, 16, UNIT_CATAPULT, 1.0, 2155.0
43, Combat, 8, UNIT_SWORDSMAN, 16, UNIT_CATAPULT, 1.0, 2156.0
43, Combat, 8, UNIT_SWORDSMAN, 16, UNIT_CATAPULT, 1.0, 2157.0
43, Death, 8, UNIT_SWORDSMAN, 16, UNIT_CATAPULT, 1.0, 2158.0
43, Combat, 14, UNIT_CATAPULT, 7, UNIT_SWORDSMAN, 1.0, 2159.0
43, Combat, 16, UNIT_CROSSBOWMAN, 8, UNIT_SWORDSMAN, 1.0, 2160.0
43, Combat, 16, UNIT_CROSSBOWMAN, 8, UNIT_SWORDSMAN, 1.0, 2161.0
43, Combat, 16, UNIT_SWORDSMAN, 8, UNIT_SWORDSMAN, 1.0, 2162.0
43, Death, 16, UNIT_SWORDSMAN, 8, UNIT_SWORDSMAN, 1.0, 2163.0
43, Combat, 16, UNIT_SWORDSMAN, 8, UNIT_HORSEMAN, 1.0, 2164.0
43, Death, 8, UNIT_HORSEMAN, 16, UNIT_SWORDSMAN, 1.0, 2165.0
43, Declare war, 14, , 5, , 2.0, 2167.0
43, Declare war, 14, , 6, , 2.0, 2169.0
43, Declare war, 14, , 7, , 2.0, 2171.0
43, Declare war, 14, , 8, , 2.0, 2173.0
43, Declare war, 14, , 9, , 2.0, 2175.0
43, Declare war, 14, , 5, , 2.0, 2177.0
43, Declare war, 14, , 6, , 2.0, 2179.0
43, Declare war, 14, , 7, , 2.0, 2181.0
43, Declare war, 14, , 8, , 2.0, 2183.0
43, Declare war, 14, , 9, , 2.0, 2185.0
43, Declare war, 14, , 5, , 2.0, 2187.0
43, Declare war, 14, , 6, , 2.0, 2189.0
43, Declare war, 14, , 7, , 2.0, 2191.0
43, Declare war, 14, , 8, , 2.0, 2193.0
43, Declare war, 14, , 9, , 2.0, 2195.0
43, Declare war, 14, , 5, , 2.0, 2197.0
43, Declare war, 14, , 6, , 2.0, 2199.0
43, Declare war, 14, , 7, , 2.0, 2201.0
43, Declare war, 14, , 8, , 2.0, 2203.0
43, Declare war, 14, , 9, , 2.0, 2205.0
43, Declare war, 14, , 5, , 2.0, 2207.0
43, Declare war, 14, , 6, , 2.0, 2209.0
43, Declare war, 14, , 7, , 2.0, 2211.0
43, Declare war, 14, , 8, , 2.0, 2213.0
43, Declare war, 14, , 9, , 2.0, 2215.0
44, Combat, 5, UNIT_MACEDONIAN_HETAIROI, 2, UNIT_WARRIOR, 1.0, 2216.0
44, Death, 5, UNIT_MACEDONIAN_HETAIROI, 2, UNIT_WARRIOR, 1.0, 2217.0
44, Combat, 8, UNIT_HORSEMAN, 16, UNIT_SWORDSMAN, 1.0, 2218.0
44, Combat, 8, UNIT_SWORDSMAN, 16, UNIT_SWORDSMAN, 1.0, 2219.0
44, Death, 8, UNIT_SWORDSMAN, 16, UNIT_SWORDSMAN, 1.0, 2220.0
44, Combat, 9, UNIT_TREBUCHET, 4, UNIT_SCOUT, 1.0, 2221.0
44, Combat, 16, UNIT_CROSSBOWMAN, 8, UNIT_SWORDSMAN, 1.0, 2222.0
44, Death, 16, UNIT_CROSSBOWMAN, 8, UNIT_SWORDSMAN, 1.0, 2223.0
44, Combat, 16, District, 8, UNIT_HORSEMAN, 1.0, 2224.0
44, Combat, 0, UNIT_EGYPTIAN_CHARIOT_ARCHER, 5, UNIT_MACEDONIAN_HETAIROI, 1.0, 2225.0
44, Combat, 4, UNIT_CROSSBOWMAN, 9, UNIT_MAN_AT_ARMS, 1.0, 2226.0
44, Combat, 4, UNIT_CROSSBOWMAN, 9, UNIT_CROSSBOWMAN, 1.0, 2227.0
44, Combat, 4, UNIT_CROSSBOWMAN, 9, UNIT_CROSSBOWMAN, 1.0, 2228.0
44, Death, 4, UNIT_CROSSBOWMAN, 9, UNIT_CROSSBOWMAN, 1.0, 2229.0
44, Combat, 4, UNIT_CROSSBOWMAN, 9, UNIT_MAN_AT_ARMS, 1.0, 2230.0
44, Declare war, 17, , 5, , 2.0, 2232.0
44, Declare war, 17, , 6, , 2.0, 2234.0
44, Declare war, 17, , 7, , 2.0, 2236.0
44, Declare war, 17, , 8, , 2.0, 2238.0
44, Declare war, 17, , 9, , 2.0, 2240.0
44, Declare war, 17, , 5, , 2.0, 2242.0
44, Declare war, 17, , 6, , 2.0, 2244.0
44, Declare war, 17, , 7, , 2.0, 2246.0
44, Declare war, 17, , 8, , 2.0, 2248.0
44, Declare war, 17, , 9, , 2.0, 2250.0
44, Declare war, 17, , 5, , 2.0, 2252.0
44, Declare war, 17, , 6, , 2.0, 2254.0
44, Declare war, 17, , 7, , 2.0, 2256.0
44, Declare war, 17, , 8, , 2.0, 2258.0
44, Declare war, 17, , 9, , 2.0, 2260.0
44, Declare war, 17, , 5, , 2.0, 2262.0
44, Declare war, 17, , 6, , 2.0, 2264.0
44, Declare war, 17, , 7, , 2.0, 2266.0
44, Declare war, 17, , 8, , 2.0, 2268.0
44, Declare war, 17, , 9, , 2.0, 2270.0
44, Declare war, 17, , 5, , 2.0, 2272.0
44, Declare war, 17, , 6, , 2.0, 2274.0
44, Declare war, 17, , 7, , 2.0, 2276.0
44, Declare war, 17, , 8, , 2.0, 2278.0
44, Declare war, 17, , 9, , 2.0, 2280.0
44, Declare war, 17, , 5, , 2.0, 2282.0
44, Declare war, 17, , 6, , 2.0, 2284.0
44, Declare war, 17, , 7, , 2.0, 2286.0
44, Declare war, 17, , 8, , 2.0, 2288.0
44, Declare war, 17, , 9, , 2.0, 2290.0
44, Declare war, 17, , 5, , 2.0, 2292.0
44, Declare war, 17, , 6, , 2.0, 2294.0
44, Declare war, 17, , 7, , 2.0, 2296.0
44, Declare war, 17, , 8, , 2.0, 2298.0
44, Declare war, 17, , 9, , 2.0, 2300.0
44, Declare war, 17, , 5, , 2.0, 2302.0
44, Declare war, 17, , 6, , 2.0, 2304.0
44, Declare war, 17, , 7, , 2.0, 2306.0
44, Declare war, 17, , 8, , 2.0, 2308.0
44, Declare war, 17, , 9, , 2.0, 2310.0
44, Declare war, 17, , 5, , 2.0, 2312.0
44, Declare war, 17, , 6, , 2.0, 2314.0
44, Declare war, 17, , 7, , 2.0, 2316.0
44, Declare war, 17, , 8, , 2.0, 2318.0
44, Declare war, 17, , 9, , 2.0, 2320.0
44, Declare war, 17, , 5, , 2.0, 2322.0
44, Declare war, 17, , 6, , 2.0, 2324.0
44, Declare war, 17, , 7, , 2.0, 2326.0
44, Declare war, 17, , 8, , 2.0, 2328.0
44, Declare war, 17, , 9, , 2.0, 2330.0
44, Declare war, 17, , 5, , 2.0, 2332.0
44, Declare war, 17, , 6, , 2.0, 2334.0
44, Declare war, 17, , 7, , 2.0, 2336.0
44, Declare war, 17, , 8, , 2.0, 2338.0
44, Declare war, 17, , 9, , 2.0, 2340.0
44, Declare war, 17, , 5, , 2.0, 2342.0
44, Declare war, 17, , 6, , 2.0, 2344.0
44, Declare war, 17, , 7, , 2.0, 2346.0
44, Declare war, 17, , 8, , 2.0, 2348.0
44, Declare war, 17, , 9, , 2.0, 2350.0
44, Declare war, 17, , 5, , 2.0, 2352.0
44, Declare war, 17, , 6, , 2.0, 2354.0
44, Declare war, 17, , 7, , 2.0, 2356.0
44, Declare war, 17, , 8, , 2.0, 2358.0
44, Declare war, 17, , 9, , 2.0, 2360.0
44, Declare war, 17, , 5, , 2.0, 2362.0
44, Declare war, 17, , 6, , 2.0, 2364.0
44, Declare war, 17, , 7, , 2.0, 2366.0
44, Declare war, 17, , 8, , 2.0, 2368.0
44, Declare war, 17, , 9, , 2.0, 2370.0
44, Declare war, 17, , 5, , 2.0, 2372.0
44, Declare war, 17, , 6, , 2.0, 2374.0
44, Declare war, 17, , 7, , 2.0, 2376.0
44, Declare war, 17, , 8, , 2.0, 2378.0
44, Declare war, 17, , 9, , 2.0, 2380.0
45, Combat, 7, UNIT_SKIRMISHER, 16, UNIT_CROSSBOWMAN, 1.0, 2381.0
45, Combat, 7, UNIT_SWORDSMAN, 14, UNIT_CATAPULT, 1.0, 2382.0
45, Combat, 8, UNIT_VIETNAMESE_VOI_CHIEN, 16, UNIT_CROSSBOWMAN, 1.0, 2383.0
45, Death, 8, UNIT_VIETNAMESE_VOI_CHIEN, 16, UNIT_CROSSBOWMAN, 1.0, 2384.0
45, Combat, 9, UNIT_TREBUCHET, 4, UNIT_SCOUT, 1.0, 2385.0
45, Combat, 9, UNIT_MAN_AT_ARMS, 4, UNIT_VAMPIRE, 1.0, 2386.0
45, Death, 4, UNIT_VAMPIRE, 9, UNIT_MAN_AT_ARMS, 1.0, 2387.0
45, Combat, 14, UNIT_SWORDSMAN, 7, UNIT_SWORDSMAN, 1.0, 2388.0
45, Combat, 14, District, 7, UNIT_SWORDSMAN, 1.0, 2389.0
45, Combat, 16, District, 8, UNIT_ARCHER, 1.0, 2390.0
45, Death, 16, DISTRICT_CITY_CENTER, 8, UNIT_ARCHER, 1.0, 2391.0
45, Combat, 4, UNIT_CROSSBOWMAN, 9, UNIT_TREBUCHET, 1.0, 2392.0
45, Combat, 4, UNIT_CROSSBOWMAN, 9, UNIT_TREBUCHET, 1.0, 2393.0
45, Combat, 4, UNIT_CROSSBOWMAN, 9, UNIT_TREBUCHET, 1.0, 2394.0
45, Death, 4, UNIT_CROSSBOWMAN, 9, UNIT_TREBUCHET, 1.0, 2395.0
45, Combat, 0, UNIT_EGYPTIAN_CHARIOT_ARCHER, 5, UNIT_MACEDONIAN_HETAIROI, 1.0, 2396.0
45, Death, 0, UNIT_EGYPTIAN_CHARIOT_ARCHER, 5, UNIT_MACEDONIAN_HETAIROI, 1.0, 2397.0
46, Building Pillaged, -1, , 1, BUILDING_MARKET, 2.0, 2399.0
46, Combat, 7, UNIT_SWORDSMAN, 14, UNIT_SWORDSMAN, 1.0, 2400.0
46, Death, 7, UNIT_SWORDSMAN, 14, UNIT_SWORDSMAN, 1.0, 2401.0
46, Combat, 7, UNIT_SWORDSMAN, 14, UNIT_CATAPULT, 1.0, 2402.0
46, Death, 7, UNIT_SWORDSMAN, 14, UNIT_CATAPULT, 1.0, 2403.0
46, Combat, 8, UNIT_SWORDSMAN, 16, District, 1.0, 2404.0
46, Combat, 8, UNIT_SKIRMISHER, 1, UNIT_SCOUT, 1.0, 2405.0
46, Combat, 9, UNIT_TREBUCHET, 4, UNIT_VAMPIRE, 1.0, 2406.0
46, Combat, 14, UNIT_CATAPULT, 7, UNIT_SWORDSMAN, 1.0, 2407.0
46, Combat, 14, UNIT_SWORDSMAN, 7, UNIT_SWORDSMAN, 1.0, 2408.0
46, Combat, 14, District, 7, UNIT_SWORDSMAN, 1.0, 2409.0
46, Combat, 16, UNIT_CROSSBOWMAN, 8, UNIT_HORSEMAN, 1.0, 2410.0
46, Combat, 16, UNIT_CROSSBOWMAN, 8, UNIT_HORSEMAN, 1.0, 2411.0
46, Death, 16, UNIT_CROSSBOWMAN, 8, UNIT_HORSEMAN, 1.0, 2412.0
46, Combat, 16, District, 8, UNIT_CATAPULT, 1.0, 2413.0
46, Combat, 4, UNIT_CROSSBOWMAN, 9, UNIT_TREBUCHET, 1.0, 2414.0
46, Combat, 4, UNIT_CROSSBOWMAN, 9, UNIT_CROSSBOWMAN, 1.0, 2415.0
47, Declare war, 17, , 0, , 2.0, 2417.0
47, Declare war, 17, , 1, , 2.0, 2419.0
47, Declare war, 13, , 17, , 2.0, 2421.0
47, Declare war, 17, , 2, , 2.0, 2423.0
47, Declare war, 15, , 17, , 2.0, 2425.0
47, Declare war, 17, , 3, , 2.0, 2427.0
47, Declare war, 17, , 4, , 2.0, 2429.0
47, Declare war, 10, , 17, , 2.0, 2431.0
47, Declare war, 14, , 17, , 2.0, 2433.0
47, Declare war, 16, , 17, , 2.0, 2435.0
47, Declare war, 20, , 17, , 2.0, 2437.0
47, Declare war, 17, , 0, , 2.0, 2439.0
47, Declare war, 17, , 1, , 2.0, 2441.0
47, Declare war, 13, , 17, , 2.0, 2443.0
47, Declare war, 17, , 2, , 2.0, 2445.0
47, Declare war, 15, , 17, , 2.0, 2447.0
47, Declare war, 17, , 3, , 2.0, 2449.0
47, Declare war, 17, , 4, , 2.0, 2451.0
47, Declare war, 10, , 17, , 2.0, 2453.0
47, Declare war, 14, , 17, , 2.0, 2455.0
47, Declare war, 16, , 17, , 2.0, 2457.0
47, Declare war, 20, , 17, , 2.0, 2459.0
47, Declare war, 17, , 0, , 2.0, 2461.0
47, Declare war, 17, , 1, , 2.0, 2463.0
47, Declare war, 13, , 17, , 2.0, 2465.0
47, Declare war, 17, , 2, , 2.0, 2467.0
47, Declare war, 15, , 17, , 2.0, 2469.0
47, Declare war, 17, , 3, , 2.0, 2471.0
47, Declare war, 17, , 4, , 2.0, 2473.0
47, Declare war, 10, , 17, , 2.0, 2475.0
47, Declare war, 14, , 17, , 2.0, 2477.0
47, Declare war, 16, , 17, , 2.0, 2479.0
47, Declare war, 20, , 17, , 2.0, 2481.0
47, Declare war, 17, , 0, , 2.0, 2483.0
47, Declare war, 17, , 1, , 2.0, 2485.0
47, Declare war, 13, , 17, , 2.0, 2487.0
47, Declare war, 17, , 2, , 2.0, 2489.0
47, Declare war, 15, , 17, , 2.0, 2491.0
47, Declare war, 17, , 3, , 2.0, 2493.0
47, Declare war, 17, , 4, , 2.0, 2495.0
47, Declare war, 10, , 17, , 2.0, 2497.0
47, Declare war, 14, , 17, , 2.0, 2499.0
47, Declare war, 16, , 17, , 2.0, 2501.0
47, Declare war, 20, , 17, , 2.0, 2503.0
47, Declare war, 17, , 0, , 2.0, 2505.0
47, Declare war, 17, , 1, , 2.0, 2507.0
47, Declare war, 13, , 17, , 2.0, 2509.0
47, Declare war, 17, , 2, , 2.0, 2511.0
47, Declare war, 15, , 17, , 2.0, 2513.0
47, Declare war, 17, , 3, , 2.0, 2515.0
47, Declare war, 17, , 4, , 2.0, 2517.0
47, Declare war, 10, , 17, , 2.0, 2519.0
47, Declare war, 14, , 17, , 2.0, 2521.0
47, Declare war, 16, , 17, , 2.0, 2523.0
47, Declare war, 20, , 17, , 2.0, 2525.0
47, Declare war, 17, , 10, , 2.0, 2527.0
47, Declare war, 17, , 13, , 2.0, 2529.0
47, Declare war, 17, , 14, , 2.0, 2531.0
47, Declare war, 17, , 15, , 2.0, 2533.0
47, Declare war, 17, , 16, , 2.0, 2535.0
47, Declare war, 17, , 20, , 2.0, 2537.0
47, Combat, 7, UNIT_SKIRMISHER, 16, UNIT_CROSSBOWMAN, 1.0, 2538.0
47, Combat, 8, UNIT_VIETNAMESE_VOI_CHIEN, 16, UNIT_CROSSBOWMAN, 1.0, 2539.0
47, Combat, 8, UNIT_SWORDSMAN, 16, UNIT_CROSSBOWMAN, 1.0, 2540.0
47, Death, 8, UNIT_SWORDSMAN, 16, UNIT_CROSSBOWMAN, 1.0, 2541.0
47, Combat, 8, UNIT_CATAPULT, 16, District, 1.0, 2542.0
47, Combat, 8, UNIT_SWORDSMAN, 16, District, 1.0, 2543.0
47, Combat, 9, District, 4, UNIT_CROSSBOWMAN, 1.0, 2544.0
47, Combat, 9, UNIT_TREBUCHET, 4, UNIT_CROSSBOWMAN, 1.0, 2545.0
47, Combat, 14, UNIT_CATAPULT, 7, UNIT_SWORDSMAN, 1.0, 2546.0
47, Combat, 14, UNIT_SWORDSMAN, 7, UNIT_SWORDSMAN, 1.0, 2547.0
47, Death, 7, UNIT_SWORDSMAN, 14, UNIT_SWORDSMAN, 1.0, 2548.0
47, Combat, 14, District, 7, UNIT_SWORDSMAN, 1.0, 2549.0
47, Combat, 16, UNIT_CROSSBOWMAN, 8, UNIT_CATAPULT, 1.0, 2550.0
47, Combat, 16, District, 8, UNIT_CATAPULT, 1.0, 2551.0
47, Death, 16, DISTRICT_CITY_CENTER, 8, UNIT_CATAPULT, 1.0, 2552.0
47, Combat, 0, UNIT_EGYPTIAN_CHARIOT_ARCHER, 5, UNIT_MACEDONIAN_HETAIROI, 1.0, 2553.0
47, Combat, 0, UNIT_EGYPTIAN_CHARIOT_ARCHER, 5, UNIT_MACEDONIAN_HETAIROI, 1.0, 2554.0
47, Combat, 0, UNIT_VAMPIRE, 5, UNIT_MACEDONIAN_HETAIROI, 1.0, 2555.0
47, Death, 0, UNIT_VAMPIRE, 5, UNIT_MACEDONIAN_HETAIROI, 1.0, 2556.0
47, Combat, 4, UNIT_CROSSBOWMAN, 9, UNIT_TREBUCHET, 1.0, 2557.0
47, Death, 4, UNIT_CROSSBOWMAN, 9, UNIT_TREBUCHET, 1.0, 2558.0
47, Combat, 4, UNIT_CROSSBOWMAN, 9, UNIT_CROSSBOWMAN, 1.0, 2559.0
47, Combat, 4, UNIT_CROSSBOWMAN, 9, UNIT_MAN_AT_ARMS, 1.0, 2560.0
47, Combat, 4, UNIT_CROSSBOWMAN, 9, UNIT_MAN_AT_ARMS, 1.0, 2561.0
47, Combat, 4, UNIT_CROSSBOWMAN, 9, UNIT_MAN_AT_ARMS, 1.0, 2562.0
47, Death, 4, UNIT_CROSSBOWMAN, 9, UNIT_MAN_AT_ARMS, 1.0, 2563.0
48, Combat, 5, UNIT_CROSSBOWMAN, 0, UNIT_VAMPIRE, 1.0, 2564.0
48, Combat, 5, District, 0, UNIT_VAMPIRE, 1.0, 2565.0
48, Combat, 7, UNIT_CATAPULT, 16, District, 1.0, 2566.0
48, Improvement Pillaged, -1, , 16, IMPROVEMENT_MINE, 1.0, 2567.0
48, Combat, 8, UNIT_VIETNAMESE_VOI_CHIEN, 16, District, 1.0, 2568.0
48, Combat, 8, UNIT_SWORDSMAN, 16, District, 1.0, 2569.0
48, Combat, 8, UNIT_HORSEMAN, 16, District, 1.0, 2570.0
48, Combat, 9, UNIT_CROSSBOWMAN, 4, UNIT_CROSSBOWMAN, 1.0, 2571.0
48, Combat, 9, District, 4, UNIT_CROSSBOWMAN, 1.0, 2572.0
48, Combat, 9, UNIT_CROSSBOWMAN, 4, UNIT_CROSSBOWMAN, 1.0, 2573.0
48, Combat, 9, UNIT_SKIRMISHER, 4, UNIT_CROSSBOWMAN, 1.0, 2574.0
48, Combat, 14, UNIT_CATAPULT, 7, UNIT_SWORDSMAN, 1.0, 2575.0
48, Combat, 14, District, 7, UNIT_SWORDSMAN, 1.0, 2576.0
48, Combat, 16, UNIT_CROSSBOWMAN, 8, UNIT_HORSEMAN, 1.0, 2577.0
48, Improvement Pillaged, -1, , 5, IMPROVEMENT_FARM, 1.0, 2578.0
48, Combat, 0, UNIT_KNIGHT, 5, UNIT_CROSSBOWMAN, 1.0, 2579.0
48, Combat, 4, UNIT_CROSSBOWMAN, 9, UNIT_CROSSBOWMAN, 1.0, 2580.0
48, Death, 4, UNIT_CROSSBOWMAN, 9, UNIT_CROSSBOWMAN, 1.0, 2581.0
48, Combat, 0, UNIT_EGYPTIAN_CHARIOT_ARCHER, 5, District, 1.0, 2582.0
48, Declare war, 12, , 5, , 2.0, 2584.0
48, Declare war, 12, , 6, , 2.0, 2586.0
48, Declare war, 17, , 12, , 2.0, 2588.0
48, Declare war, 12, , 7, , 2.0, 2590.0
48, Declare war, 12, , 8, , 2.0, 2592.0
48, Declare war, 12, , 9, , 2.0, 2594.0
48, Declare war, 12, , 5, , 2.0, 2596.0
48, Declare war, 12, , 6, , 2.0, 2598.0
48, Declare war, 17, , 12, , 2.0, 2600.0
48, Declare war, 12, , 7, , 2.0, 2602.0
48, Declare war, 12, , 8, , 2.0, 2604.0
48, Declare war, 12, , 9, , 2.0, 2606.0
48, Declare war, 12, , 5, , 2.0, 2608.0
48, Declare war, 12, , 6, , 2.0, 2610.0
48, Declare war, 17, , 12, , 2.0, 2612.0
48, Declare war, 12, , 7, , 2.0, 2614.0
48, Declare war, 12, , 8, , 2.0, 2616.0
48, Declare war, 12, , 9, , 2.0, 2618.0
48, Declare war, 12, , 5, , 2.0, 2620.0
48, Declare war, 12, , 6, , 2.0, 2622.0
48, Declare war, 17, , 12, , 2.0, 2624.0
48, Declare war, 12, , 7, , 2.0, 2626.0
48, Declare war, 12, , 8, , 2.0, 2628.0
48, Declare war, 12, , 9, , 2.0, 2630.0
48, Declare war, 12, , 5, , 2.0, 2632.0
48, Declare war, 12, , 6, , 2.0, 2634.0
48, Declare war, 17, , 12, , 2.0, 2636.0
48, Declare war, 12, , 7, , 2.0, 2638.0
48, Declare war, 12, , 8, , 2.0, 2640.0
48, Declare war, 12, , 9, , 2.0, 2642.0
48, Declare war, 12, , 5, , 2.0, 2644.0
48, Declare war, 12, , 6, , 2.0, 2646.0
48, Declare war, 17, , 12, , 2.0, 2648.0
48, Declare war, 12, , 7, , 2.0, 2650.0
48, Declare war, 12, , 8, , 2.0, 2652.0
48, Declare war, 12, , 9, , 2.0, 2654.0
48, Declare war, 12, , 5, , 2.0, 2656.0
48, Declare war, 12, , 6, , 2.0, 2658.0
48, Declare war, 17, , 12, , 2.0, 2660.0
48, Declare war, 12, , 7, , 2.0, 2662.0
48, Declare war, 12, , 8, , 2.0, 2664.0
48, Declare war, 12, , 9, , 2.0, 2666.0
48, Declare war, 12, , 5, , 2.0, 2668.0
48, Declare war, 12, , 6, , 2.0, 2670.0
48, Declare war, 17, , 12, , 2.0, 2672.0
48, Declare war, 12, , 7, , 2.0, 2674.0
48, Declare war, 12, , 8, , 2.0, 2676.0
48, Declare war, 12, , 9, , 2.0, 2678.0
48, Declare war, 12, , 5, , 2.0, 2680.0
48, Declare war, 12, , 6, , 2.0, 2682.0
48, Declare war, 17, , 12, , 2.0, 2684.0
48, Declare war, 12, , 7, , 2.0, 2686.0
48, Declare war, 12, , 8, , 2.0, 2688.0
48, Declare war, 12, , 9, , 2.0, 2690.0
48, Declare war, 12, , 5, , 2.0, 2692.0
48, Declare war, 12, , 6, , 2.0, 2694.0
48, Declare war, 17, , 12, , 2.0, 2696.0
48, Declare war, 12, , 7, , 2.0, 2698.0
48, Declare war, 12, , 8, , 2.0, 2700.0
48, Declare war, 12, , 9, , 2.0, 2702.0
48, Declare war, 12, , 5, , 2.0, 2704.0
48, Declare war, 12, , 6, , 2.0, 2706.0
48, Declare war, 17, , 12, , 2.0, 2708.0
48, Declare war, 12, , 7, , 2.0, 2710.0
48, Declare war, 12, , 8, , 2.0, 2712.0
48, Declare war, 12, , 9, , 2.0, 2714.0
48, Declare war, 12, , 5, , 2.0, 2716.0
48, Declare war, 12, , 6, , 2.0, 2718.0
48, Declare war, 17, , 12, , 2.0, 2720.0
48, Declare war, 12, , 7, , 2.0, 2722.0
48, Declare war, 12, , 8, , 2.0, 2724.0
48, Declare war, 12, , 9, , 2.0, 2726.0
48, Declare war, 12, , 5, , 2.0, 2728.0
48, Declare war, 12, , 6, , 2.0, 2730.0
48, Declare war, 17, , 12, , 2.0, 2732.0
48, Declare war, 12, , 7, , 2.0, 2734.0
48, Declare war, 12, , 8, , 2.0, 2736.0
48, Declare war, 12, , 9, , 2.0, 2738.0
48, Declare war, 12, , 5, , 2.0, 2740.0
48, Declare war, 12, , 6, , 2.0, 2742.0
48, Declare war, 17, , 12, , 2.0, 2744.0
48, Declare war, 12, , 7, , 2.0, 2746.0
48, Declare war, 12, , 8, , 2.0, 2748.0
48, Declare war, 12, , 9, , 2.0, 2750.0
48, Declare war, 12, , 5, , 2.0, 2752.0
48, Declare war, 12, , 6, , 2.0, 2754.0
48, Declare war, 17, , 12, , 2.0, 2756.0
48, Declare war, 12, , 7, , 2.0, 2758.0
48, Declare war, 12, , 8, , 2.0, 2760.0
48, Declare war, 12, , 9, , 2.0, 2762.0
48, Declare war, 12, , 17, , 2.0, 2764.0
48, Combat, 4, UNIT_CROSSBOWMAN, 9, UNIT_SKIRMISHER, 1.0, 2765.0
49, Improvement Pillaged, -1, , 9, IMPROVEMENT_FARM, 1.0, 2766.0
49, Improvement Pillaged, -1, , 9, IMPROVEMENT_FARM, 1.0, 2767.0
49, Combat, 5, UNIT_CROSSBOWMAN, 0, UNIT_EGYPTIAN_CHARIOT_ARCHER, 1.0, 2768.0
49, Combat, 5, UNIT_CROSSBOWMAN, 0, UNIT_KNIGHT, 1.0, 2769.0
49, Combat, 5, UNIT_MAN_AT_ARMS, 0, UNIT_KNIGHT, 1.0, 2770.0
49, Combat, 5, District, 0, UNIT_EGYPTIAN_CHARIOT_ARCHER, 1.0, 2771.0
49, Combat, 7, UNIT_CATAPULT, 16, District, 1.0, 2772.0
49, Combat, 8, UNIT_VIETNAMESE_VOI_CHIEN, 16, District, 1.0, 2773.0
49, Combat, 8, UNIT_SWORDSMAN, 16, District, 1.0, 2774.0
49, Combat, 8, UNIT_SWORDSMAN, 16, District, 1.0, 2775.0
49, Improvement Pillaged, -1, , 4, IMPROVEMENT_MINE, 1.0, 2776.0
49, Combat, 9, UNIT_MAN_AT_ARMS, 4, UNIT_CROSSBOWMAN, 1.0, 2777.0
49, Combat, 9, UNIT_CROSSBOWMAN, 4, UNIT_CROSSBOWMAN, 1.0, 2778.0
49, Combat, 12, UNIT_CROSSBOWMAN, 17, UNIT_SWORDSMAN, 1.0, 2779.0
49, Combat, 12, UNIT_SWORDSMAN, 17, UNIT_SWORDSMAN, 1.0, 2780.0
49, Combat, 14, UNIT_CATAPULT, 7, UNIT_SWORDSMAN, 1.0, 2781.0
49, Combat, 14, District, 7, UNIT_SWORDSMAN, 1.0, 2782.0
49, Combat, 16, UNIT_CROSSBOWMAN, 8, UNIT_HORSEMAN, 1.0, 2783.0
49, Death, 16, UNIT_CROSSBOWMAN, 8, UNIT_HORSEMAN, 1.0, 2784.0
49, Combat, 0, UNIT_CROSSBOWMAN, 5, District, 1.0, 2785.0
49, Improvement Pillaged, -1, , 5, IMPROVEMENT_FARM, 1.0, 2786.0
49, Combat, 4, UNIT_CROSSBOWMAN, 9, UNIT_CROSSBOWMAN, 1.0, 2787.0
49, Death, 4, UNIT_CROSSBOWMAN, 9, UNIT_CROSSBOWMAN, 1.0, 2788.0
49, Combat, 4, UNIT_CROSSBOWMAN, 9, UNIT_SKIRMISHER, 1.0, 2789.0
49, Death, 4, UNIT_CROSSBOWMAN, 9, UNIT_SKIRMISHER, 1.0, 2790.0
49, Combat, 0, UNIT_CROSSBOWMAN, 5, UNIT_MAN_AT_ARMS, 1.0, 2791.0
49, Death, 0, UNIT_CROSSBOWMAN, 5, UNIT_MAN_AT_ARMS, 1.0, 2792.0
49, Combat, 0, UNIT_KNIGHT, 5, UNIT_CROSSBOWMAN, 1.0, 2793.0
49, Death, 0, UNIT_KNIGHT, 5, UNIT_CROSSBOWMAN, 1.0, 2794.0
50, Improvement Pillaged, -1, , 8, IMPROVEMENT_FARM, 1.0, 2795.0
50, Improvement Pillaged, -1, , 8, IMPROVEMENT_FARM, 1.0, 2796.0
50, Combat, 5, UNIT_CROSSBOWMAN, 0, UNIT_CROSSBOWMAN, 1.0, 2797.0
50, Combat, 5, UNIT_CROSSBOWMAN, 0, UNIT_KNIGHT, 1.0, 2798.0
50, Combat, 5, District, 0, UNIT_CROSSBOWMAN, 1.0, 2799.0
50, Combat, 5, UNIT_SKIRMISHER, 1, UNIT_BABYLONIAN_SABUM_KIBITTUM, 1.0, 2800.0
50, Declare war, 17, , 0, , 2.0, 2802.0
50, Declare war, 17, , 1, , 2.0, 2804.0
50, Declare war, 12, , 17, , 2.0, 2806.0
50, Declare war, 13, , 17, , 2.0, 2808.0
50, Declare war, 17, , 2, , 2.0, 2810.0
50, Declare war, 15, , 17, , 2.0, 2812.0
50, Declare war, 17, , 3, , 2.0, 2814.0
50, Declare war, 17, , 4, , 2.0, 2816.0
50, Declare war, 14, , 17, , 2.0, 2818.0
50, Declare war, 16, , 17, , 2.0, 2820.0
50, Declare war, 20, , 17, , 2.0, 2822.0
50, Declare war, 17, , 0, , 2.0, 2824.0
50, Declare war, 17, , 1, , 2.0, 2826.0
50, Declare war, 12, , 17, , 2.0, 2828.0
50, Declare war, 13, , 17, , 2.0, 2830.0
50, Declare war, 17, , 2, , 2.0, 2832.0
50, Declare war, 15, , 17, , 2.0, 2834.0
50, Declare war, 17, , 3, , 2.0, 2836.0
50, Declare war, 17, , 4, , 2.0, 2838.0
50, Declare war, 14, , 17, , 2.0, 2840.0
50, Declare war, 16, , 17, , 2.0, 2842.0
50, Declare war, 20, , 17, , 2.0, 2844.0
50, Declare war, 17, , 0, , 2.0, 2846.0
50, Declare war, 17, , 1, , 2.0, 2848.0
50, Declare war, 12, , 17, , 2.0, 2850.0
50, Declare war, 13, , 17, , 2.0, 2852.0
50, Declare war, 17, , 2, , 2.0, 2854.0
50, Declare war, 15, , 17, , 2.0, 2856.0
50, Declare war, 17, , 3, , 2.0, 2858.0
50, Declare war, 17, , 4, , 2.0, 2860.0
50, Declare war, 14, , 17, , 2.0, 2862.0
50, Declare war, 16, , 17, , 2.0, 2864.0
50, Declare war, 20, , 17, , 2.0, 2866.0
50, Declare war, 17, , 0, , 2.0, 2868.0
50, Declare war, 17, , 1, , 2.0, 2870.0
50, Declare war, 12, , 17, , 2.0, 2872.0
50, Declare war, 13, , 17, , 2.0, 2874.0
50, Declare war, 17, , 2, , 2.0, 2876.0
50, Declare war, 15, , 17, , 2.0, 2878.0
50, Declare war, 17, , 3, , 2.0, 2880.0
50, Declare war, 17, , 4, , 2.0, 2882.0
50, Declare war, 14, , 17, , 2.0, 2884.0
50, Declare war, 16, , 17, , 2.0, 2886.0
50, Declare war, 20, , 17, , 2.0, 2888.0
50, Declare war, 17, , 0, , 2.0, 2890.0
50, Declare war, 17, , 1, , 2.0, 2892.0
50, Declare war, 12, , 17, , 2.0, 2894.0
50, Declare war, 13, , 17, , 2.0, 2896.0
50, Declare war, 17, , 2, , 2.0, 2898.0
50, Declare war, 15, , 17, , 2.0, 2900.0
50, Declare war, 17, , 3, , 2.0, 2902.0
50, Declare war, 17, , 4, , 2.0, 2904.0
50, Declare war, 14, , 17, , 2.0, 2906.0
50, Declare war, 16, , 17, , 2.0, 2908.0
50, Declare war, 20, , 17, , 2.0, 2910.0
50, Declare war, 17, , 12, , 2.0, 2912.0
50, Declare war, 17, , 13, , 2.0, 2914.0
50, Declare war, 17, , 14, , 2.0, 2916.0
50, Declare war, 17, , 15, , 2.0, 2918.0
50, Declare war, 17, , 16, , 2.0, 2920.0
50, Declare war, 17, , 20, , 2.0, 2922.0
50, Combat, 7, UNIT_CATAPULT, 16, District, 1.0, 2923.0
50, District Death, 7, UNIT_CATAPULT, 16, DISTRICT_CITY_CENTER, 3.0, 2926.0
50, Combat, 7, UNIT_SKIRMISHER, 16, District, 1.0, 2927.0
50, District Death, 7, UNIT_SKIRMISHER, 16, DISTRICT_CITY_CENTER, 3.0, 2930.0
50, District Pillaged, -1, , 14, DISTRICT_COMMERCIAL_HUB, 2.0, 2932.0
50, Combat, 8, UNIT_VIETNAMESE_VOI_CHIEN, 16, District, 1.0, 2933.0
50, District Death, 8, UNIT_VIETNAMESE_VOI_CHIEN, 16, DISTRICT_CITY_CENTER, 3.0, 2936.0
50, Unit Capture, 8, UNIT_SWORDSMAN, 16, UNIT_BUILDER, 1.0, 2937.0
50, Building Pillaged, -1, , 16, BUILDING_MONUMENT, 2.0, 2939.0
50, Building Pillaged, -1, , 16, BUILDING_GRANARY, 2.0, 2941.0
50, Building Pillaged, -1, , 16, BUILDING_WATER_MILL, 2.0, 2943.0
50, Player Destroyed, 16, , , , 3.0, 2946.0
50, Building Pillaged, -1, , 8, BUILDING_GRANARY, 2.0, 2948.0
50, Building Pillaged, -1, , 8, BUILDING_WATER_MILL, 2.0, 2950.0
50, Improvement Pillaged, -1, , 8, IMPROVEMENT_MINE, 1.0, 2951.0
50, Improvement Pillaged, -1, , 8, IMPROVEMENT_FARM, 1.0, 2952.0
50, Combat, 8, UNIT_SWORDSMAN, 16, District, 1.0, 2953.0
50, District Death, 8, UNIT_SWORDSMAN, 16, DISTRICT_CITY_CENTER, 3.0, 2956.0
50, Combat, 12, UNIT_CROSSBOWMAN, 17, UNIT_SWORDSMAN, 1.0, 2957.0
50, Death, 12, UNIT_CROSSBOWMAN, 17, UNIT_SWORDSMAN, 1.0, 2958.0
50, Combat, 14, UNIT_CATAPULT, 7, UNIT_SWORDSMAN, 1.0, 2959.0
50, Death, 14, UNIT_CATAPULT, 7, UNIT_SWORDSMAN, 1.0, 2960.0
50, Combat, 14, District, 7, UNIT_SKIRMISHER, 1.0, 2961.0
50, Combat, 17, UNIT_CROSSBOWMAN, 12, UNIT_SWORDSMAN, 1.0, 2962.0
50, Combat, 17, UNIT_SWORDSMAN, 12, UNIT_SWORDSMAN, 1.0, 2963.0
50, Combat, 17, UNIT_SWORDSMAN, 12, UNIT_SWORDSMAN, 1.0, 2964.0
50, Death, 17, UNIT_SWORDSMAN, 12, UNIT_SWORDSMAN, 1.0, 2965.0
50, Combat, 0, UNIT_VAMPIRE, 5, District, 1.0, 2966.0
50, Improvement Pillaged, -1, , 5, IMPROVEMENT_FARM, 1.0, 2967.0
50, Combat, 0, UNIT_KNIGHT, 5, District, 1.0, 2968.0
50, Combat, 0, UNIT_KNIGHT, 5, District, 1.0, 2969.0
50, Combat, 4, UNIT_CROSSBOWMAN, 9, UNIT_MAN_AT_ARMS, 1.0, 2970.0
50, Combat, 4, UNIT_CROSSBOWMAN, 9, UNIT_MAN_AT_ARMS, 1.0, 2971.0
50, Death, 4, UNIT_CROSSBOWMAN, 9, UNIT_MAN_AT_ARMS, 1.0, 2972.0
50, Combat, 4, UNIT_CROSSBOWMAN, 9, UNIT_CROSSBOWMAN, 1.0, 2973.0
51, Combat, 5, UNIT_CROSSBOWMAN, 0, UNIT_CROSSBOWMAN, 1.0, 2974.0
51, Combat, 5, District, 0, UNIT_CROSSBOWMAN, 1.0, 2975.0
51, Combat, 5, UNIT_SKIRMISHER, 1, UNIT_BABYLONIAN_SABUM_KIBITTUM, 1.0, 2976.0
51, Death, 5, UNIT_SKIRMISHER, 1, UNIT_BABYLONIAN_SABUM_KIBITTUM, 1.0, 2977.0
51, Combat, 9, UNIT_KNIGHT, 4, UNIT_CROSSBOWMAN, 1.0, 2978.0
51, Combat, 12, UNIT_CROSSBOWMAN, 17, UNIT_SWORDSMAN, 1.0, 2979.0
51, Combat, 14, UNIT_CATAPULT, 7, UNIT_SKIRMISHER, 1.0, 2980.0
51, Combat, 14, District, 7, UNIT_SKIRMISHER, 1.0, 2981.0
51, Combat, 17, UNIT_CROSSBOWMAN, 12, UNIT_SWORDSMAN, 1.0, 2982.0
51, Combat, 0, UNIT_CROSSBOWMAN, 5, UNIT_KNIGHT, 1.0, 2983.0
51, Combat, 0, UNIT_KNIGHT, 5, UNIT_KNIGHT, 1.0, 2984.0
51, Combat, 0, UNIT_VAMPIRE, 5, UNIT_KNIGHT, 1.0, 2985.0
51, Death, 0, UNIT_VAMPIRE, 5, UNIT_KNIGHT, 1.0, 2986.0
51, Combat, 0, UNIT_CROSSBOWMAN, 5, UNIT_CROSSBOWMAN, 1.0, 2987.0
51, Combat, 0, UNIT_CROSSBOWMAN, 5, UNIT_CROSSBOWMAN, 1.0, 2988.0
51, Death, 0, UNIT_CROSSBOWMAN, 5, UNIT_CROSSBOWMAN, 1.0, 2989.0
51, Combat, 4, UNIT_CROSSBOWMAN, 9, UNIT_KNIGHT, 1.0, 2990.0
51, Combat, 4, UNIT_CROSSBOWMAN, 9, UNIT_KNIGHT, 1.0, 2991.0
51, Death, 4, UNIT_CROSSBOWMAN, 9, UNIT_KNIGHT, 1.0, 2992.0
51, Declare war, 21, , 5, , 2.0, 2994.0
51, Declare war, 21, , 6, , 2.0, 2996.0
51, Declare war, 17, , 21, , 2.0, 2998.0
51, Declare war, 21, , 7, , 2.0, 3000.0
51, Declare war, 21, , 8, , 2.0, 3002.0
51, Declare war, 21, , 9, , 2.0, 3004.0
51, Declare war, 21, , 5, , 2.0, 3006.0
51, Declare war, 21, , 6, , 2.0, 3008.0
51, Declare war, 17, , 21, , 2.0, 3010.0
51, Declare war, 21, , 7, , 2.0, 3012.0
51, Declare war, 21, , 8, , 2.0, 3014.0
51, Declare war, 21, , 9, , 2.0, 3016.0
51, Declare war, 21, , 5, , 2.0, 3018.0
51, Declare war, 21, , 6, , 2.0, 3020.0
51, Declare war, 17, , 21, , 2.0, 3022.0
51, Declare war, 21, , 7, , 2.0, 3024.0
51, Declare war, 21, , 8, , 2.0, 3026.0
51, Declare war, 21, , 9, , 2.0, 3028.0
51, Declare war, 21, , 5, , 2.0, 3030.0
51, Declare war, 21, , 6, , 2.0, 3032.0
51, Declare war, 17, , 21, , 2.0, 3034.0
51, Declare war, 21, , 7, , 2.0, 3036.0
51, Declare war, 21, , 8, , 2.0, 3038.0
51, Declare war, 21, , 9, , 2.0, 3040.0
51, Declare war, 21, , 5, , 2.0, 3042.0
51, Declare war, 21, , 6, , 2.0, 3044.0
51, Declare war, 17, , 21, , 2.0, 3046.0
51, Declare war, 21, , 7, , 2.0, 3048.0
51, Declare war, 21, , 8, , 2.0, 3050.0
51, Declare war, 21, , 9, , 2.0, 3052.0
51, Declare war, 21, , 17, , 2.0, 3054.0
52, Improvement Pillaged, -1, , 3, IMPROVEMENT_INDUSTRY, 1.0, 3055.0
52, District Pillaged, -1, , 3, DISTRICT_HOLY_SITE, 2.0, 3057.0
52, Improvement Pillaged, -1, , 3, IMPROVEMENT_PASTURE, 1.0, 3058.0
52, Declare war, 10, , 0, , 2.0, 3060.0
52, Declare war, 21, , 10, , 2.0, 3062.0
52, Declare war, 10, , 1, , 2.0, 3064.0
52, Declare war, 12, , 10, , 2.0, 3066.0
52, Declare war, 13, , 10, , 2.0, 3068.0
52, Declare war, 10, , 2, , 2.0, 3070.0
52, Declare war, 15, , 10, , 2.0, 3072.0
52, Declare war, 10, , 3, , 2.0, 3074.0
52, Declare war, 10, , 4, , 2.0, 3076.0
52, Declare war, 14, , 10, , 2.0, 3078.0
52, Declare war, 20, , 10, , 2.0, 3080.0
52, Declare war, 10, , 0, , 2.0, 3082.0
52, Declare war, 21, , 10, , 2.0, 3084.0
52, Declare war, 10, , 1, , 2.0, 3086.0
52, Declare war, 12, , 10, , 2.0, 3088.0
52, Declare war, 13, , 10, , 2.0, 3090.0
52, Declare war, 10, , 2, , 2.0, 3092.0
52, Declare war, 15, , 10, , 2.0, 3094.0
52, Declare war, 10, , 3, , 2.0, 3096.0
52, Declare war, 10, , 4, , 2.0, 3098.0
52, Declare war, 14, , 10, , 2.0, 3100.0
52, Declare war, 20, , 10, , 2.0, 3102.0
52, Declare war, 10, , 0, , 2.0, 3104.0
52, Declare war, 21, , 10, , 2.0, 3106.0
52, Declare war, 10, , 1, , 2.0, 3108.0
52, Declare war, 12, , 10, , 2.0, 3110.0
52, Declare war, 13, , 10, , 2.0, 3112.0
52, Declare war, 10, , 2, , 2.0, 3114.0
52, Declare war, 15, , 10, , 2.0, 3116.0
52, Declare war, 10, , 3, , 2.0, 3118.0
52, Declare war, 10, , 4, , 2.0, 3120.0
52, Declare war, 14, , 10, , 2.0, 3122.0
52, Declare war, 20, , 10, , 2.0, 3124.0
52, Declare war, 10, , 0, , 2.0, 3126.0
52, Declare war, 21, , 10, , 2.0, 3128.0
52, Declare war, 10, , 1, , 2.0, 3130.0
52, Declare war, 12, , 10, , 2.0, 3132.0
52, Declare war, 13, , 10, , 2.0, 3134.0
52, Declare war, 10, , 2, , 2.0, 3136.0
52, Declare war, 15, , 10, , 2.0, 3138.0
52, Declare war, 10, , 3, , 2.0, 3140.0
52, Declare war, 10, , 4, , 2.0, 3142.0
52, Declare war, 14, , 10, , 2.0, 3144.0
52, Declare war, 20, , 10, , 2.0, 3146.0
52, Declare war, 10, , 0, , 2.0, 3148.0
52, Declare war, 21, , 10, , 2.0, 3150.0
52, Declare war, 10, , 1, , 2.0, 3152.0
52, Declare war, 12, , 10, , 2.0, 3154.0
52, Declare war, 13, , 10, , 2.0, 3156.0
52, Declare war, 10, , 2, , 2.0, 3158.0
52, Declare war, 15, , 10, , 2.0, 3160.0
52, Declare war, 10, , 3, , 2.0, 3162.0
52, Declare war, 10, , 4, , 2.0, 3164.0
52, Declare war, 14, , 10, , 2.0, 3166.0
52, Declare war, 20, , 10, , 2.0, 3168.0
52, Declare war, 10, , 12, , 2.0, 3170.0
52, Declare war, 10, , 13, , 2.0, 3172.0
52, Declare war, 10, , 14, , 2.0, 3174.0
52, Declare war, 10, , 15, , 2.0, 3176.0
52, Declare war, 10, , 20, , 2.0, 3178.0
52, Declare war, 10, , 21, , 2.0, 3180.0
52, Combat, 5, UNIT_MAN_AT_ARMS, 0, UNIT_KNIGHT, 1.0, 3181.0
52, Combat, 5, District, 0, UNIT_CROSSBOWMAN, 1.0, 3182.0
52, Death, 5, DISTRICT_CITY_CENTER, 0, UNIT_CROSSBOWMAN, 1.0, 3183.0
52, Improvement Pillaged, -1, , 4, IMPROVEMENT_PYRAMID, 1.0, 3184.0
52, Combat, 9, UNIT_MUSKETMAN, 4, UNIT_CROSSBOWMAN, 1.0, 3185.0
52, Combat, 12, UNIT_CROSSBOWMAN, 17, UNIT_SWORDSMAN, 1.0, 3186.0
52, Combat, 14, District, 7, UNIT_SKIRMISHER, 1.0, 3187.0
52, Combat, 0, UNIT_CROSSBOWMAN, 5, UNIT_MACEDONIAN_HETAIROI, 1.0, 3188.0
52, Combat, 0, UNIT_VAMPIRE, 5, UNIT_MACEDONIAN_HETAIROI, 1.0, 3189.0
52, Death, 0, UNIT_VAMPIRE, 5, UNIT_MACEDONIAN_HETAIROI, 1.0, 3190.0
52, Combat, 2, UNIT_KNIGHT, 5, UNIT_KNIGHT, 1.0, 3191.0
52, Combat, 4, UNIT_KNIGHT, 8, UNIT_SKIRMISHER, 1.0, 3192.0
52, Combat, 4, UNIT_CROSSBOWMAN, 9, UNIT_KNIGHT, 1.0, 3193.0
52, Combat, 4, UNIT_CROSSBOWMAN, 9, UNIT_MUSKETMAN, 1.0, 3194.0
52, Combat, 4, UNIT_CROSSBOWMAN, 9, UNIT_MUSKETMAN, 1.0, 3195.0
52, Combat, 4, UNIT_CROSSBOWMAN, 9, UNIT_MUSKETMAN, 1.0, 3196.0
52, Death, 4, UNIT_CROSSBOWMAN, 9, UNIT_MUSKETMAN, 1.0, 3197.0
52, Combat, 4, UNIT_CROSSBOWMAN, 9, UNIT_KNIGHT, 1.0, 3198.0
52, Combat, 0, UNIT_CROSSBOWMAN, 5, District, 1.0, 3199.0
53, Improvement Pillaged, -1, , 6, IMPROVEMENT_FARM, 1.0, 3200.0
53, Building Pillaged, -1, , 6, BUILDING_SYNAGOGUE, 2.0, 3202.0
53, Combat, 5, UNIT_CROSSBOWMAN, 0, UNIT_CROSSBOWMAN, 1.0, 3203.0
53, Combat, 5, UNIT_MAN_AT_ARMS, 0, UNIT_KNIGHT, 1.0, 3204.0
53, Death, 0, UNIT_KNIGHT, 5, UNIT_MAN_AT_ARMS, 1.0, 3205.0
53, Combat, 5, District, 0, UNIT_CROSSBOWMAN, 1.0, 3206.0
53, Death, 5, DISTRICT_CITY_CENTER, 0, UNIT_CROSSBOWMAN, 1.0, 3207.0
53, Combat, 8, UNIT_SKIRMISHER, 4, District, 1.0, 3208.0
53, Combat, 9, UNIT_MUSKETMAN, 4, UNIT_CROSSBOWMAN, 1.0, 3209.0
53, Death, 9, UNIT_MUSKETMAN, 4, UNIT_CROSSBOWMAN, 1.0, 3210.0
53, Combat, 9, District, 4, UNIT_VAMPIRE, 1.0, 3211.0
53, Combat, 14, District, 7, UNIT_WARRIOR, 1.0, 3212.0
53, Combat, 14, UNIT_CATAPULT, 7, UNIT_WARRIOR, 1.0, 3213.0
53, Combat, 14, UNIT_CROSSBOWMAN, 7, UNIT_WARRIOR, 1.0, 3214.0
53, Combat, 17, District, 12, UNIT_SWORDSMAN, 1.0, 3215.0
53, Death, 17, DISTRICT_CITY_CENTER, 12, UNIT_SWORDSMAN, 1.0, 3216.0
53, Combat, 2, UNIT_KNIGHT, 5, UNIT_MAN_AT_ARMS, 1.0, 3217.0
53, Combat, 4, UNIT_KNIGHT, 9, UNIT_KNIGHT, 1.0, 3218.0
53, Death, 4, UNIT_KNIGHT, 9, UNIT_KNIGHT, 1.0, 3219.0
53, Combat, 4, UNIT_SCOUT, 8, UNIT_SKIRMISHER, 1.0, 3220.0
53, Death, 4, UNIT_SCOUT, 8, UNIT_SKIRMISHER, 1.0, 3221.0
53, Combat, 4, UNIT_CROSSBOWMAN, 8, UNIT_SKIRMISHER, 1.0, 3222.0
53, Combat, 4, UNIT_VAMPIRE, 8, UNIT_SKIRMISHER, 1.0, 3223.0
53, Death, 4, UNIT_VAMPIRE, 8, UNIT_SKIRMISHER, 1.0, 3224.0
53, Building Pillaged, -1, , 9, BUILDING_TEMPLE, 2.0, 3226.0
53, Building Pillaged, -1, , 9, BUILDING_SHRINE, 2.0, 3228.0
53, Combat, 4, UNIT_CROSSBOWMAN, 9, UNIT_MUSKETMAN, 1.0, 3229.0
53, Combat, 4, UNIT_CROSSBOWMAN, 9, UNIT_MUSKETMAN, 1.0, 3230.0
53, Death, 4, UNIT_CROSSBOWMAN, 9, UNIT_MUSKETMAN, 1.0, 3231.0
53, Combat, 4, UNIT_CROSSBOWMAN, 9, UNIT_COURSER, 1.0, 3232.0
53, Combat, 0, UNIT_KNIGHT, 5, UNIT_KNIGHT, 1.0, 3233.0
53, Combat, 0, UNIT_VAMPIRE, 5, UNIT_KNIGHT, 1.0, 3234.0
53, Death, 0, UNIT_VAMPIRE, 5, UNIT_KNIGHT, 1.0, 3235.0
53, Combat, 0, UNIT_CROSSBOWMAN, 5, District, 1.0, 3236.0
53, Combat, 0, UNIT_KNIGHT, 5, District, 1.0, 3237.0
53, Combat, 0, UNIT_KNIGHT, 5, District, 1.0, 3238.0
54, Combat, 5, UNIT_CROSSBOWMAN, 0, UNIT_CROSSBOWMAN, 1.0, 3239.0
54, Combat, 5, UNIT_MACEDONIAN_HETAIROI, 1, UNIT_BABYLONIAN_SABUM_KIBITTUM, 1.0, 3240.0
54, Combat, 5, UNIT_MAN_AT_ARMS, 2, UNIT_KNIGHT, 1.0, 3241.0
54, Combat, 5, District, 2, UNIT_KNIGHT, 1.0, 3242.0
54, Combat, 9, UNIT_COURSER, 4, UNIT_CROSSBOWMAN, 1.0, 3243.0
54, Combat, 14, District, 7, UNIT_WARRIOR, 1.0, 3244.0
54, Death, 14, DISTRICT_CITY_CENTER, 7, UNIT_WARRIOR, 1.0, 3245.0
54, Combat, 2, UNIT_KNIGHT, 5, UNIT_MAN_AT_ARMS, 1.0, 3246.0
54, Death, 2, UNIT_KNIGHT, 5, UNIT_MAN_AT_ARMS, 1.0, 3247.0
54, Combat, 0, UNIT_KNIGHT, 5, UNIT_KNIGHT, 1.0, 3248.0
54, Combat, 0, UNIT_VAMPIRE, 5, UNIT_KNIGHT, 1.0, 3249.0
54, Death, 0, UNIT_VAMPIRE, 5, UNIT_KNIGHT, 1.0, 3250.0
54, Combat, 0, UNIT_KNIGHT, 5, UNIT_CROSSBOWMAN, 1.0, 3251.0
54, Combat, 0, UNIT_KNIGHT, 5, UNIT_CROSSBOWMAN, 1.0, 3252.0
54, Death, 0, UNIT_KNIGHT, 5, UNIT_CROSSBOWMAN, 1.0, 3253.0
54, Combat, 4, UNIT_CROSSBOWMAN, 9, UNIT_MUSKETMAN, 1.0, 3254.0
54, Combat, 4, UNIT_CROSSBOWMAN, 9, UNIT_MUSKETMAN, 1.0, 3255.0
54, Combat, 4, UNIT_CROSSBOWMAN, 9, UNIT_MUSKETMAN, 1.0, 3256.0
54, Death, 4, UNIT_CROSSBOWMAN, 9, UNIT_MUSKETMAN, 1.0, 3257.0
54, Combat, 0, UNIT_KNIGHT, 5, District, 1.0, 3258.0
55, Declare war, 10, , 0, , 2.0, 3260.0
55, Declare war, 10, , 1, , 2.0, 3262.0
55, Declare war, 12, , 10, , 2.0, 3264.0
55, Declare war, 13, , 10, , 2.0, 3266.0
55, Declare war, 10, , 2, , 2.0, 3268.0
55, Declare war, 15, , 10, , 2.0, 3270.0
55, Declare war, 10, , 3, , 2.0, 3272.0
55, Declare war, 10, , 4, , 2.0, 3274.0
55, Declare war, 14, , 10, , 2.0, 3276.0
55, Declare war, 20, , 10, , 2.0, 3278.0
55, Declare war, 10, , 0, , 2.0, 3280.0
55, Declare war, 10, , 1, , 2.0, 3282.0
55, Declare war, 12, , 10, , 2.0, 3284.0
55, Declare war, 13, , 10, , 2.0, 3286.0
55, Declare war, 10, , 2, , 2.0, 3288.0
55, Declare war, 15, , 10, , 2.0, 3290.0
55, Declare war, 10, , 3, , 2.0, 3292.0
55, Declare war, 10, , 4, , 2.0, 3294.0
55, Declare war, 14, , 10, , 2.0, 3296.0
55, Declare war, 20, , 10, , 2.0, 3298.0
55, Declare war, 10, , 0, , 2.0, 3300.0
55, Declare war, 10, , 1, , 2.0, 3302.0
55, Declare war, 12, , 10, , 2.0, 3304.0
55, Declare war, 13, , 10, , 2.0, 3306.0
55, Declare war, 10, , 2, , 2.0, 3308.0
55, Declare war, 15, , 10, , 2.0, 3310.0
55, Declare war, 10, , 3, , 2.0, 3312.0
55, Declare war, 10, , 4, , 2.0, 3314.0
55, Declare war, 14, , 10, , 2.0, 3316.0
55, Declare war, 20, , 10, , 2.0, 3318.0
55, Declare war, 10, , 0, , 2.0, 3320.0
55, Declare war, 10, , 1, , 2.0, 3322.0
55, Declare war, 12, , 10, , 2.0, 3324.0
55, Declare war, 13, , 10, , 2.0, 3326.0
55, Declare war, 10, , 2, , 2.0, 3328.0
55, Declare war, 15, , 10, , 2.0, 3330.0
55, Declare war, 10, , 3, , 2.0, 3332.0
55, Declare war, 10, , 4, , 2.0, 3334.0
55, Declare war, 14, , 10, , 2.0, 3336.0
55, Declare war, 20, , 10, , 2.0, 3338.0
55, Declare war, 10, , 0, , 2.0, 3340.0
55, Declare war, 10, , 1, , 2.0, 3342.0
55, Declare war, 12, , 10, , 2.0, 3344.0
55, Declare war, 13, , 10, , 2.0, 3346.0
55, Declare war, 10, , 2, , 2.0, 3348.0
55, Declare war, 15, , 10, , 2.0, 3350.0
55, Declare war, 10, , 3, , 2.0, 3352.0
55, Declare war, 10, , 4, , 2.0, 3354.0
55, Declare war, 14, , 10, , 2.0, 3356.0
55, Declare war, 20, , 10, , 2.0, 3358.0
55, Declare war, 10, , 12, , 2.0, 3360.0
55, Declare war, 10, , 13, , 2.0, 3362.0
55, Declare war, 10, , 14, , 2.0, 3364.0
55, Declare war, 10, , 15, , 2.0, 3366.0
55, Declare war, 10, , 20, , 2.0, 3368.0
55, Combat, 5, UNIT_MACEDONIAN_HETAIROI, 1, UNIT_BABYLONIAN_SABUM_KIBITTUM, 1.0, 3369.0
55, Combat, 5, District, 2, UNIT_KNIGHT, 1.0, 3370.0
55, Death, 5, DISTRICT_CITY_CENTER, 2, UNIT_KNIGHT, 1.0, 3371.0
55, Combat, 9, UNIT_CROSSBOWMAN, 4, UNIT_KNIGHT, 1.0, 3372.0
55, Combat, 9, UNIT_COURSER, 4, UNIT_CROSSBOWMAN, 1.0, 3373.0
55, Combat, 14, UNIT_CATAPULT, 8, UNIT_GALLEY, 1.0, 3374.0
55, Combat, 14, UNIT_CROSSBOWMAN, 8, UNIT_GALLEY, 1.0, 3375.0
55, Combat, 14, District, 8, UNIT_GALLEY, 1.0, 3376.0
55, Death, 14, DISTRICT_CITY_CENTER, 8, UNIT_GALLEY, 1.0, 3377.0
55, Combat, 0, UNIT_CROSSBOWMAN, 5, District, 1.0, 3378.0
55, Combat, 0, UNIT_KNIGHT, 5, District, 1.0, 3379.0
55, Combat, 0, UNIT_VAMPIRE, 5, District, 1.0, 3380.0
55, Building Pillaged, -1, , 5, BUILDING_MONUMENT, 2.0, 3382.0
55, Building Pillaged, -1, , 5, BUILDING_GRANARY, 2.0, 3384.0
55, Building Pillaged, -1, , 5, BUILDING_WATER_MILL, 2.0, 3386.0
55, Building Pillaged, -1, , 0, BUILDING_MONUMENT, 2.0, 3388.0
55, Building Pillaged, -1, , 0, BUILDING_GRANARY, 2.0, 3390.0
55, Building Pillaged, -1, , 0, BUILDING_WATER_MILL, 2.0, 3392.0
55, Improvement Pillaged, -1, , 0, IMPROVEMENT_FARM, 1.0, 3393.0
55, Improvement Pillaged, -1, , 0, IMPROVEMENT_FARM, 1.0, 3394.0
55, Improvement Pillaged, -1, , 0, IMPROVEMENT_FARM, 1.0, 3395.0
55, Combat, 0, UNIT_KNIGHT, 5, District, 1.0, 3396.0
55, District Death, 0, UNIT_KNIGHT, 5, DISTRICT_CITY_CENTER, 3.0, 3399.0
55, Combat, 4, UNIT_CROSSBOWMAN, 9, UNIT_CROSSBOWMAN, 1.0, 3400.0
55, Death, 4, UNIT_CROSSBOWMAN, 9, UNIT_CROSSBOWMAN, 1.0, 3401.0
55, Building Pillaged, -1, , 18, BUILDING_MONUMENT, 2.0, 3403.0
55, Building Pillaged, -1, , 18, BUILDING_GRANARY, 2.0, 3405.0
55, Building Pillaged, -1, , 18, BUILDING_WATER_MILL, 2.0, 3407.0
55, Improvement Pillaged, -1, , 18, IMPROVEMENT_FARM, 1.0, 3408.0
55, Improvement Pillaged, -1, , 18, IMPROVEMENT_FARM, 1.0, 3409.0
55, Improvement Pillaged, -1, , 18, IMPROVEMENT_FARM, 1.0, 3410.0
55, Declare war, 18, , 5, , 2.0, 3412.0
55, Declare war, 10, , 18, , 2.0, 3414.0
55, Declare war, 18, , 6, , 2.0, 3416.0
55, Declare war, 17, , 18, , 2.0, 3418.0
55, Declare war, 18, , 7, , 2.0, 3420.0
55, Declare war, 18, , 8, , 2.0, 3422.0
55, Declare war, 18, , 9, , 2.0, 3424.0
55, Declare war, 18, , 5, , 2.0, 3426.0
55, Declare war, 10, , 18, , 2.0, 3428.0
55, Declare war, 18, , 6, , 2.0, 3430.0
55, Declare war, 17, , 18, , 2.0, 3432.0
55, Declare war, 18, , 7, , 2.0, 3434.0
55, Declare war, 18, , 8, , 2.0, 3436.0
55, Declare war, 18, , 9, , 2.0, 3438.0
55, Declare war, 18, , 5, , 2.0, 3440.0
55, Declare war, 10, , 18, , 2.0, 3442.0
55, Declare war, 18, , 6, , 2.0, 3444.0
55, Declare war, 17, , 18, , 2.0, 3446.0
55, Declare war, 18, , 7, , 2.0, 3448.0
55, Declare war, 18, , 8, , 2.0, 3450.0
55, Declare war, 18, , 9, , 2.0, 3452.0
55, Declare war, 18, , 5, , 2.0, 3454.0
55, Declare war, 10, , 18, , 2.0, 3456.0
55, Declare war, 18, , 6, , 2.0, 3458.0
55, Declare war, 17, , 18, , 2.0, 3460.0
55, Declare war, 18, , 7, , 2.0, 3462.0
55, Declare war, 18, , 8, , 2.0, 3464.0
55, Declare war, 18, , 9, , 2.0, 3466.0
55, Declare war, 18, , 5, , 2.0, 3468.0
55, Declare war, 10, , 18, , 2.0, 3470.0
55, Declare war, 18, , 6, , 2.0, 3472.0
55, Declare war, 17, , 18, , 2.0, 3474.0
55, Declare war, 18, , 7, , 2.0, 3476.0
55, Declare war, 18, , 8, , 2.0, 3478.0
55, Declare war, 18, , 9, , 2.0, 3480.0
55, Declare war, 18, , 10, , 2.0, 3482.0
55, Declare war, 18, , 17, , 2.0, 3484.0
55, Combat, 4, UNIT_CROSSBOWMAN, 9, UNIT_COURSER, 1.0, 3485.0
55, Death, 4, UNIT_CROSSBOWMAN, 9, UNIT_COURSER, 1.0, 3486.0
55, Combat, 4, UNIT_CROSSBOWMAN, 9, UNIT_CROSSBOWMAN, 1.0, 3487.0
55, Death, 4, UNIT_CROSSBOWMAN, 9, UNIT_CROSSBOWMAN, 1.0, 3488.0
56, Improvement Pillaged, -1, , 3, IMPROVEMENT_MINE, 1.0, 3489.0
56, Improvement Pillaged, -1, , 3, IMPROVEMENT_MINE, 1.0, 3490.0
56, Combat, 5, UNIT_VAMPIRE, 0, UNIT_VAMPIRE, 1.0, 3491.0
56, Combat, 7, UNIT_SKIRMISHER, 14, UNIT_CATAPULT, 1.0, 3492.0
56, Declare war, 17, , 0, , 2.0, 3494.0
56, Declare war, 18, , 17, , 2.0, 3496.0
56, Declare war, 17, , 1, , 2.0, 3498.0
56, Declare war, 12, , 17, , 2.0, 3500.0
56, Declare war, 13, , 17, , 2.0, 3502.0
56, Declare war, 17, , 2, , 2.0, 3504.0
56, Declare war, 15, , 17, , 2.0, 3506.0
56, Declare war, 17, , 3, , 2.0, 3508.0
56, Declare war, 17, , 4, , 2.0, 3510.0
56, Declare war, 14, , 17, , 2.0, 3512.0
56, Declare war, 17, , 0, , 2.0, 3514.0
56, Declare war, 18, , 17, , 2.0, 3516.0
56, Declare war, 17, , 1, , 2.0, 3518.0
56, Declare war, 12, , 17, , 2.0, 3520.0
56, Declare war, 13, , 17, , 2.0, 3522.0
56, Declare war, 17, , 2, , 2.0, 3524.0
56, Declare war, 15, , 17, , 2.0, 3526.0
56, Declare war, 17, , 3, , 2.0, 3528.0
56, Declare war, 17, , 4, , 2.0, 3530.0
56, Declare war, 14, , 17, , 2.0, 3532.0
56, Declare war, 17, , 0, , 2.0, 3534.0
56, Declare war, 18, , 17, , 2.0, 3536.0
56, Declare war, 17, , 1, , 2.0, 3538.0
56, Declare war, 12, , 17, , 2.0, 3540.0
56, Declare war, 13, , 17, , 2.0, 3542.0
56, Declare war, 17, , 2, , 2.0, 3544.0
56, Declare war, 15, , 17, , 2.0, 3546.0
56, Declare war, 17, , 3, , 2.0, 3548.0
56, Declare war, 17, , 4, , 2.0, 3550.0
56, Declare war, 14, , 17, , 2.0, 3552.0
56, Declare war, 17, , 0, , 2.0, 3554.0
56, Declare war, 18, , 17, , 2.0, 3556.0
56, Declare war, 17, , 1, , 2.0, 3558.0
56, Declare war, 12, , 17, , 2.0, 3560.0
56, Declare war, 13, , 17, , 2.0, 3562.0
56, Declare war, 17, , 2, , 2.0, 3564.0
56, Declare war, 15, , 17, , 2.0, 3566.0
56, Declare war, 17, , 3, , 2.0, 3568.0
56, Declare war, 17, , 4, , 2.0, 3570.0
56, Declare war, 14, , 17, , 2.0, 3572.0
56, Declare war, 17, , 0, , 2.0, 3574.0
56, Declare war, 18, , 17, , 2.0, 3576.0
56, Declare war, 17, , 1, , 2.0, 3578.0
56, Declare war, 12, , 17, , 2.0, 3580.0
56, Declare war, 13, , 17, , 2.0, 3582.0
56, Declare war, 17, , 2, , 2.0, 3584.0
56, Declare war, 15, , 17, , 2.0, 3586.0
56, Declare war, 17, , 3, , 2.0, 3588.0
56, Declare war, 17, , 4, , 2.0, 3590.0
56, Declare war, 14, , 17, , 2.0, 3592.0
56, Declare war, 17, , 12, , 2.0, 3594.0
56, Declare war, 17, , 13, , 2.0, 3596.0
56, Declare war, 17, , 14, , 2.0, 3598.0
56, Declare war, 17, , 15, , 2.0, 3600.0
56, Declare war, 17, , 18, , 2.0, 3602.0
56, Combat, 9, UNIT_KNIGHT, 4, UNIT_CROSSBOWMAN, 1.0, 3603.0
56, Combat, 14, UNIT_CATAPULT, 7, UNIT_SKIRMISHER, 1.0, 3604.0
56, Combat, 14, District, 7, UNIT_SKIRMISHER, 1.0, 3605.0
56, Combat, 0, UNIT_KNIGHT, 5, UNIT_VAMPIRE, 1.0, 3606.0
56, Combat, 0, UNIT_KNIGHT, 5, UNIT_VAMPIRE, 1.0, 3607.0
56, Combat, 4, UNIT_CROSSBOWMAN, 9, UNIT_KNIGHT, 1.0, 3608.0
56, Combat, 4, UNIT_CROSSBOWMAN, 9, UNIT_KNIGHT, 1.0, 3609.0
56, Death, 4, UNIT_CROSSBOWMAN, 9, UNIT_KNIGHT, 1.0, 3610.0
56, Building Pillaged, -1, , 9, BUILDING_SHRINE, 2.0, 3612.0
57, Improvement Pillaged, -1, , 13, IMPROVEMENT_FARM, 1.0, 3613.0
57, Combat, 5, UNIT_SKIRMISHER, 2, UNIT_INDIAN_VARU, 1.0, 3614.0
57, Combat, 5, UNIT_KNIGHT, 0, UNIT_KNIGHT, 1.0, 3615.0
57, Combat, 7, UNIT_MAN_AT_ARMS, 14, UNIT_CATAPULT, 1.0, 3616.0
57, Death, 7, UNIT_MAN_AT_ARMS, 14, UNIT_CATAPULT, 1.0, 3617.0
57, Combat, 9, UNIT_CROSSBOWMAN, 4, UNIT_VAMPIRE, 1.0, 3618.0
57, Combat, 9, UNIT_MUSKETMAN, 4, UNIT_CROSSBOWMAN, 1.0, 3619.0
57, Unit Capture, 9, UNIT_MUSKETMAN, 4, UNIT_BUILDER, 1.0, 3620.0
57, Combat, 9, District, 4, UNIT_VAMPIRE, 1.0, 3621.0
57, Combat, 14, UNIT_CROSSBOWMAN, 7, UNIT_SKIRMISHER, 1.0, 3622.0
57, Combat, 14, UNIT_CROSSBOWMAN, 7, UNIT_SKIRMISHER, 1.0, 3623.0
57, Death, 14, UNIT_CROSSBOWMAN, 7, UNIT_SKIRMISHER, 1.0, 3624.0
57, Combat, 14, District, 7, UNIT_MAN_AT_ARMS, 1.0, 3625.0
57, Combat, 4, UNIT_CROSSBOWMAN, 9, UNIT_MUSKETMAN, 1.0, 3626.0
57, District Pillaged, -1, , 9, DISTRICT_HOLY_SITE, 2.0, 3628.0
57, Improvement Pillaged, -1, , 9, IMPROVEMENT_INDUSTRY, 1.0, 3629.0
57, Combat, 2, UNIT_INDIAN_VARU, 5, UNIT_SKIRMISHER, 1.0, 3630.0
58, Improvement Pillaged, -1, , 4, IMPROVEMENT_INDUSTRY, 1.0, 3631.0
58, Improvement Pillaged, -1, , 4, IMPROVEMENT_PLANTATION, 1.0, 3632.0
58, Declare war, 10, , 0, , 2.0, 3634.0
58, Declare war, 18, , 10, , 2.0, 3636.0
58, Declare war, 10, , 1, , 2.0, 3638.0
58, Declare war, 12, , 10, , 2.0, 3640.0
58, Declare war, 13, , 10, , 2.0, 3642.0
58, Declare war, 10, , 2, , 2.0, 3644.0
58, Declare war, 10, , 3, , 2.0, 3646.0
58, Declare war, 10, , 4, , 2.0, 3648.0
58, Declare war, 14, , 10, , 2.0, 3650.0
58, Declare war, 10, , 0, , 2.0, 3652.0
58, Declare war, 18, , 10, , 2.0, 3654.0
58, Declare war, 10, , 1, , 2.0, 3656.0
58, Declare war, 12, , 10, , 2.0, 3658.0
58, Declare war, 13, , 10, , 2.0, 3660.0
58, Declare war, 10, , 2, , 2.0, 3662.0
58, Declare war, 10, , 3, , 2.0, 3664.0
58, Declare war, 10, , 4, , 2.0, 3666.0
58, Declare war, 14, , 10, , 2.0, 3668.0
58, Declare war, 10, , 0, , 2.0, 3670.0
58, Declare war, 18, , 10, , 2.0, 3672.0
58, Declare war, 10, , 1, , 2.0, 3674.0
58, Declare war, 12, , 10, , 2.0, 3676.0
58, Declare war, 13, , 10, , 2.0, 3678.0
58, Declare war, 10, , 2, , 2.0, 3680.0
58, Declare war, 10, , 3, , 2.0, 3682.0
58, Declare war, 10, , 4, , 2.0, 3684.0
58, Declare war, 14, , 10, , 2.0, 3686.0
58, Declare war, 10, , 0, , 2.0, 3688.0
58, Declare war, 18, , 10, , 2.0, 3690.0
58, Declare war, 10, , 1, , 2.0, 3692.0
58, Declare war, 12, , 10, , 2.0, 3694.0
58, Declare war, 13, , 10, , 2.0, 3696.0
58, Declare war, 10, , 2, , 2.0, 3698.0
58, Declare war, 10, , 3, , 2.0, 3700.0
58, Declare war, 10, , 4, , 2.0, 3702.0
58, Declare war, 14, , 10, , 2.0, 3704.0
58, Declare war, 10, , 0, , 2.0, 3706.0
58, Declare war, 18, , 10, , 2.0, 3708.0
58, Declare war, 10, , 1, , 2.0, 3710.0
58, Declare war, 12, , 10, , 2.0, 3712.0
58, Declare war, 13, , 10, , 2.0, 3714.0
58, Declare war, 10, , 2, , 2.0, 3716.0
58, Declare war, 10, , 3, , 2.0, 3718.0
58, Declare war, 10, , 4, , 2.0, 3720.0
58, Declare war, 14, , 10, , 2.0, 3722.0
58, Declare war, 10, , 12, , 2.0, 3724.0
58, Declare war, 10, , 13, , 2.0, 3726.0
58, Declare war, 10, , 14, , 2.0, 3728.0
58, Declare war, 10, , 18, , 2.0, 3730.0
58, Combat, 5, UNIT_SKIRMISHER, 2, UNIT_INDIAN_VARU, 1.0, 3731.0
58, Combat, 5, UNIT_KNIGHT, 0, UNIT_KNIGHT, 1.0, 3732.0
58, Declare war, 10, , 0, , 2.0, 3734.0
58, Declare war, 18, , 10, , 2.0, 3736.0
58, Declare war, 10, , 1, , 2.0, 3738.0
58, Declare war, 12, , 10, , 2.0, 3740.0
58, Declare war, 13, , 10, , 2.0, 3742.0
58, Declare war, 10, , 2, , 2.0, 3744.0
58, Declare war, 10, , 3, , 2.0, 3746.0
58, Declare war, 10, , 4, , 2.0, 3748.0
58, Declare war, 14, , 10, , 2.0, 3750.0
58, Declare war, 10, , 0, , 2.0, 3752.0
58, Declare war, 18, , 10, , 2.0, 3754.0
58, Declare war, 10, , 1, , 2.0, 3756.0
58, Declare war, 12, , 10, , 2.0, 3758.0
58, Declare war, 13, , 10, , 2.0, 3760.0
58, Declare war, 10, , 2, , 2.0, 3762.0
58, Declare war, 10, , 3, , 2.0, 3764.0
58, Declare war, 10, , 4, , 2.0, 3766.0
58, Declare war, 14, , 10, , 2.0, 3768.0
58, Declare war, 10, , 0, , 2.0, 3770.0
58, Declare war, 18, , 10, , 2.0, 3772.0
58, Declare war, 10, , 1, , 2.0, 3774.0
58, Declare war, 12, , 10, , 2.0, 3776.0
58, Declare war, 13, , 10, , 2.0, 3778.0
58, Declare war, 10, , 2, , 2.0, 3780.0
58, Declare war, 10, , 3, , 2.0, 3782.0
58, Declare war, 10, , 4, , 2.0, 3784.0
58, Declare war, 14, , 10, , 2.0, 3786.0
58, Declare war, 10, , 0, , 2.0, 3788.0
58, Declare war, 18, , 10, , 2.0, 3790.0
58, Declare war, 10, , 1, , 2.0, 3792.0
58, Declare war, 12, , 10, , 2.0, 3794.0
58, Declare war, 13, , 10, , 2.0, 3796.0
58, Declare war, 10, , 2, , 2.0, 3798.0
58, Declare war, 10, , 3, , 2.0, 3800.0
58, Declare war, 10, , 4, , 2.0, 3802.0
58, Declare war, 14, , 10, , 2.0, 3804.0
58, Declare war, 10, , 0, , 2.0, 3806.0
58, Declare war, 18, , 10, , 2.0, 3808.0
58, Declare war, 10, , 1, , 2.0, 3810.0
58, Declare war, 12, , 10, , 2.0, 3812.0
58, Declare war, 13, , 10, , 2.0, 3814.0
58, Declare war, 10, , 2, , 2.0, 3816.0
58, Declare war, 10, , 3, , 2.0, 3818.0
58, Declare war, 10, , 4, , 2.0, 3820.0
58, Declare war, 14, , 10, , 2.0, 3822.0
58, Declare war, 10, , 12, , 2.0, 3824.0
58, Declare war, 10, , 13, , 2.0, 3826.0
58, Declare war, 10, , 14, , 2.0, 3828.0
58, Declare war, 10, , 18, , 2.0, 3830.0
58, Combat, 7, UNIT_MAN_AT_ARMS, 14, UNIT_CROSSBOWMAN, 1.0, 3831.0
58, Combat, 9, UNIT_CROSSBOWMAN, 4, UNIT_CROSSBOWMAN, 1.0, 3832.0
58, Combat, 9, District, 4, UNIT_VAMPIRE, 1.0, 3833.0
58, Combat, 9, District, 4, UNIT_VAMPIRE, 1.0, 3834.0
58, Combat, 9, District, 4, UNIT_KNIGHT, 1.0, 3835.0
58, Combat, 10, UNIT_SWORDSMAN, 3, UNIT_SCOUT, 1.0, 3836.0
58, Combat, 14, UNIT_CROSSBOWMAN, 7, UNIT_MAN_AT_ARMS, 1.0, 3837.0
58, Combat, 14, UNIT_CROSSBOWMAN, 7, UNIT_MAN_AT_ARMS, 1.0, 3838.0
58, Combat, 14, District, 7, UNIT_MAN_AT_ARMS, 1.0, 3839.0
58, Combat, 0, UNIT_CROSSBOWMAN, 5, UNIT_SKIRMISHER, 1.0, 3840.0
58, Combat, 0, UNIT_KNIGHT, 5, UNIT_SKIRMISHER, 1.0, 3841.0
58, Death, 0, UNIT_KNIGHT, 5, UNIT_SKIRMISHER, 1.0, 3842.0
58, Combat, 0, UNIT_KNIGHT, 5, UNIT_KNIGHT, 1.0, 3843.0
58, Death, 0, UNIT_KNIGHT, 5, UNIT_KNIGHT, 1.0, 3844.0
58, Combat, 4, UNIT_CROSSBOWMAN, 9, UNIT_COURSER, 1.0, 3845.0
58, Combat, 4, UNIT_CROSSBOWMAN, 9, UNIT_MUSKETMAN, 1.0, 3846.0
58, Death, 4, UNIT_CROSSBOWMAN, 9, UNIT_MUSKETMAN, 1.0, 3847.0
58, Combat, 4, UNIT_CROSSBOWMAN, 9, UNIT_CROSSBOWMAN, 1.0, 3848.0
58, Death, 4, UNIT_CROSSBOWMAN, 9, UNIT_CROSSBOWMAN, 1.0, 3849.0
58, Combat, 4, UNIT_CROSSBOWMAN, 9, UNIT_MUSKETMAN, 1.0, 3850.0
58, Combat, 2, UNIT_KNIGHT, 6, UNIT_SKIRMISHER, 1.0, 3851.0
58, Death, 2, UNIT_KNIGHT, 6, UNIT_SKIRMISHER, 1.0, 3852.0
58, District Pillaged, -1, , 9, DISTRICT_BATH, 2.0, 3854.0
58, Combat, 2, UNIT_INDIAN_VARU, 5, UNIT_SKIRMISHER, 1.0, 3855.0
58, Death, 2, UNIT_INDIAN_VARU, 5, UNIT_SKIRMISHER, 1.0, 3856.0
58, Improvement Pillaged, -1, , 4, IMPROVEMENT_INDUSTRY, 1.0, 3631.0
58, Improvement Pillaged, -1, , 4, IMPROVEMENT_PLANTATION, 1.0, 3632.0
58, Declare war, 12, , 5, , 2.0, 3634.0
58, Declare war, 12, , 6, , 2.0, 3636.0
58, Declare war, 12, , 7, , 2.0, 3638.0
58, Declare war, 12, , 8, , 2.0, 3640.0
58, Declare war, 12, , 9, , 2.0, 3642.0
58, Declare war, 17, , 12, , 2.0, 3644.0
58, Declare war, 12, , 5, , 2.0, 3646.0
58, Declare war, 12, , 6, , 2.0, 3648.0
58, Declare war, 12, , 7, , 2.0, 3650.0
58, Declare war, 12, , 8, , 2.0, 3652.0
58, Declare war, 12, , 9, , 2.0, 3654.0
58, Declare war, 17, , 12, , 2.0, 3656.0
58, Declare war, 12, , 5, , 2.0, 3658.0
58, Declare war, 12, , 6, , 2.0, 3660.0
58, Declare war, 12, , 7, , 2.0, 3662.0
58, Declare war, 12, , 8, , 2.0, 3664.0
58, Declare war, 12, , 9, , 2.0, 3666.0
58, Declare war, 17, , 12, , 2.0, 3668.0
58, Declare war, 12, , 5, , 2.0, 3670.0
58, Declare war, 12, , 6, , 2.0, 3672.0
58, Declare war, 12, , 7, , 2.0, 3674.0
58, Declare war, 12, , 8, , 2.0, 3676.0
58, Declare war, 12, , 9, , 2.0, 3678.0
58, Declare war, 17, , 12, , 2.0, 3680.0
58, Declare war, 12, , 5, , 2.0, 3682.0
58, Declare war, 12, , 6, , 2.0, 3684.0
58, Declare war, 12, , 7, , 2.0, 3686.0
58, Declare war, 12, , 8, , 2.0, 3688.0
58, Declare war, 12, , 9, , 2.0, 3690.0
58, Declare war, 17, , 12, , 2.0, 3692.0
58, Declare war, 12, , 17, , 2.0, 3694.0
58, Combat, 4, UNIT_CROSSBOWMAN, 9, UNIT_MUSKETMAN, 1.0, 3695.0
58, Declare war, 10, , 0, , 2.0, 3697.0
58, Declare war, 18, , 10, , 2.0, 3699.0
58, Declare war, 10, , 1, , 2.0, 3701.0
58, Declare war, 13, , 10, , 2.0, 3703.0
58, Declare war, 10, , 2, , 2.0, 3705.0
58, Declare war, 10, , 3, , 2.0, 3707.0
58, Declare war, 10, , 4, , 2.0, 3709.0
58, Declare war, 12, , 10, , 2.0, 3711.0
58, Declare war, 14, , 10, , 2.0, 3713.0
58, Declare war, 10, , 0, , 2.0, 3715.0
58, Declare war, 18, , 10, , 2.0, 3717.0
58, Declare war, 10, , 1, , 2.0, 3719.0
58, Declare war, 13, , 10, , 2.0, 3721.0
58, Declare war, 10, , 2, , 2.0, 3723.0
58, Declare war, 10, , 3, , 2.0, 3725.0
58, Declare war, 10, , 4, , 2.0, 3727.0
58, Declare war, 12, , 10, , 2.0, 3729.0
58, Declare war, 14, , 10, , 2.0, 3731.0
58, Declare war, 10, , 0, , 2.0, 3733.0
58, Declare war, 18, , 10, , 2.0, 3735.0
58, Declare war, 10, , 1, , 2.0, 3737.0
58, Declare war, 13, , 10, , 2.0, 3739.0
58, Declare war, 10, , 2, , 2.0, 3741.0
58, Declare war, 10, , 3, , 2.0, 3743.0
58, Declare war, 10, , 4, , 2.0, 3745.0
58, Declare war, 12, , 10, , 2.0, 3747.0
58, Declare war, 14, , 10, , 2.0, 3749.0
58, Declare war, 10, , 0, , 2.0, 3751.0
58, Declare war, 18, , 10, , 2.0, 3753.0
58, Declare war, 10, , 1, , 2.0, 3755.0
58, Declare war, 13, , 10, , 2.0, 3757.0
58, Declare war, 10, , 2, , 2.0, 3759.0
58, Declare war, 10, , 3, , 2.0, 3761.0
58, Declare war, 10, , 4, , 2.0, 3763.0
58, Declare war, 12, , 10, , 2.0, 3765.0
58, Declare war, 14, , 10, , 2.0, 3767.0
58, Declare war, 10, , 0, , 2.0, 3769.0
58, Declare war, 18, , 10, , 2.0, 3771.0
58, Declare war, 10, , 1, , 2.0, 3773.0
58, Declare war, 13, , 10, , 2.0, 3775.0
58, Declare war, 10, , 2, , 2.0, 3777.0
58, Declare war, 10, , 3, , 2.0, 3779.0
58, Declare war, 10, , 4, , 2.0, 3781.0
58, Declare war, 12, , 10, , 2.0, 3783.0
58, Declare war, 14, , 10, , 2.0, 3785.0
58, Declare war, 10, , 12, , 2.0, 3787.0
58, Declare war, 10, , 13, , 2.0, 3789.0
58, Declare war, 10, , 14, , 2.0, 3791.0
58, Declare war, 10, , 18, , 2.0, 3793.0
58, Combat, 5, UNIT_SKIRMISHER, 2, UNIT_INDIAN_VARU, 1.0, 3794.0
58, Combat, 5, UNIT_KNIGHT, 0, UNIT_KNIGHT, 1.0, 3795.0
58, Declare war, 10, , 0, , 2.0, 3797.0
58, Declare war, 18, , 10, , 2.0, 3799.0
58, Declare war, 10, , 1, , 2.0, 3801.0
58, Declare war, 13, , 10, , 2.0, 3803.0
58, Declare war, 10, , 2, , 2.0, 3805.0
58, Declare war, 10, , 3, , 2.0, 3807.0
58, Declare war, 10, , 4, , 2.0, 3809.0
58, Declare war, 12, , 10, , 2.0, 3811.0
58, Declare war, 14, , 10, , 2.0, 3813.0
58, Declare war, 10, , 0, , 2.0, 3815.0
58, Declare war, 18, , 10, , 2.0, 3817.0
58, Declare war, 10, , 1, , 2.0, 3819.0
58, Declare war, 13, , 10, , 2.0, 3821.0
58, Declare war, 10, , 2, , 2.0, 3823.0
58, Declare war, 10, , 3, , 2.0, 3825.0
58, Declare war, 10, , 4, , 2.0, 3827.0
58, Declare war, 12, , 10, , 2.0, 3829.0
58, Declare war, 14, , 10, , 2.0, 3831.0
58, Declare war, 10, , 0, , 2.0, 3833.0
58, Declare war, 18, , 10, , 2.0, 3835.0
58, Declare war, 10, , 1, , 2.0, 3837.0
58, Declare war, 13, , 10, , 2.0, 3839.0
58, Declare war, 10, , 2, , 2.0, 3841.0
58, Declare war, 10, , 3, , 2.0, 3843.0
58, Declare war, 10, , 4, , 2.0, 3845.0
58, Declare war, 12, , 10, , 2.0, 3847.0
58, Declare war, 14, , 10, , 2.0, 3849.0
58, Declare war, 10, , 0, , 2.0, 3851.0
58, Declare war, 18, , 10, , 2.0, 3853.0
58, Declare war, 10, , 1, , 2.0, 3855.0
58, Declare war, 13, , 10, , 2.0, 3857.0
58, Declare war, 10, , 2, , 2.0, 3859.0
58, Declare war, 10, , 3, , 2.0, 3861.0
58, Declare war, 10, , 4, , 2.0, 3863.0
58, Declare war, 12, , 10, , 2.0, 3865.0
58, Declare war, 14, , 10, , 2.0, 3867.0
58, Declare war, 10, , 0, , 2.0, 3869.0
58, Declare war, 18, , 10, , 2.0, 3871.0
58, Declare war, 10, , 1, , 2.0, 3873.0
58, Declare war, 13, , 10, , 2.0, 3875.0
58, Declare war, 10, , 2, , 2.0, 3877.0
58, Declare war, 10, , 3, , 2.0, 3879.0
58, Declare war, 10, , 4, , 2.0, 3881.0
58, Declare war, 12, , 10, , 2.0, 3883.0
58, Declare war, 14, , 10, , 2.0, 3885.0
58, Declare war, 10, , 12, , 2.0, 3887.0
58, Declare war, 10, , 13, , 2.0, 3889.0
58, Declare war, 10, , 14, , 2.0, 3891.0
58, Declare war, 10, , 18, , 2.0, 3893.0
58, Combat, 7, UNIT_MAN_AT_ARMS, 14, District, 1.0, 3894.0
58, Combat, 9, UNIT_CROSSBOWMAN, 4, UNIT_CROSSBOWMAN, 1.0, 3895.0
58, Combat, 9, UNIT_COURSER, 4, UNIT_KNIGHT, 1.0, 3896.0
58, Combat, 9, District, 4, UNIT_CROSSBOWMAN, 1.0, 3897.0
58, Combat, 10, UNIT_SWORDSMAN, 3, UNIT_SCOUT, 1.0, 3898.0
58, Combat, 14, District, 7, UNIT_MAN_AT_ARMS, 1.0, 3899.0
58, Combat, 2, UNIT_KNIGHT, 6, UNIT_SKIRMISHER, 1.0, 3900.0
58, Death, 2, UNIT_KNIGHT, 6, UNIT_SKIRMISHER, 1.0, 3901.0
58, Combat, 2, UNIT_INDIAN_VARU, 5, UNIT_SKIRMISHER, 1.0, 3902.0
58, Death, 2, UNIT_INDIAN_VARU, 5, UNIT_SKIRMISHER, 1.0, 3903.0
58, Combat, 0, UNIT_CROSSBOWMAN, 5, UNIT_SKIRMISHER, 1.0, 3904.0
58, Combat, 0, UNIT_KNIGHT, 5, UNIT_SKIRMISHER, 1.0, 3905.0
58, Death, 0, UNIT_KNIGHT, 5, UNIT_SKIRMISHER, 1.0, 3906.0
58, Combat, 0, UNIT_KNIGHT, 5, UNIT_KNIGHT, 1.0, 3907.0
58, Death, 0, UNIT_KNIGHT, 5, UNIT_KNIGHT, 1.0, 3908.0
59, Declare war, 20, , 5, , 2.0, 3910.0
59, Declare war, 20, , 6, , 2.0, 3912.0
59, Declare war, 20, , 7, , 2.0, 3914.0
59, Declare war, 10, , 20, , 2.0, 3916.0
59, Declare war, 20, , 8, , 2.0, 3918.0
59, Declare war, 20, , 9, , 2.0, 3920.0
59, Declare war, 17, , 20, , 2.0, 3922.0
59, Declare war, 20, , 5, , 2.0, 3924.0
59, Declare war, 20, , 6, , 2.0, 3926.0
59, Declare war, 20, , 7, , 2.0, 3928.0
59, Declare war, 10, , 20, , 2.0, 3930.0
59, Declare war, 20, , 8, , 2.0, 3932.0
59, Declare war, 20, , 9, , 2.0, 3934.0
59, Declare war, 17, , 20, , 2.0, 3936.0
59, Declare war, 20, , 5, , 2.0, 3938.0
59, Declare war, 20, , 6, , 2.0, 3940.0
59, Declare war, 20, , 7, , 2.0, 3942.0
59, Declare war, 10, , 20, , 2.0, 3944.0
59, Declare war, 20, , 8, , 2.0, 3946.0
59, Declare war, 20, , 9, , 2.0, 3948.0
59, Declare war, 17, , 20, , 2.0, 3950.0
59, Declare war, 20, , 5, , 2.0, 3952.0
59, Declare war, 20, , 6, , 2.0, 3954.0
59, Declare war, 20, , 7, , 2.0, 3956.0
59, Declare war, 10, , 20, , 2.0, 3958.0
59, Declare war, 20, , 8, , 2.0, 3960.0
59, Declare war, 20, , 9, , 2.0, 3962.0
59, Declare war, 17, , 20, , 2.0, 3964.0
59, Declare war, 20, , 5, , 2.0, 3966.0
59, Declare war, 20, , 6, , 2.0, 3968.0
59, Declare war, 20, , 7, , 2.0, 3970.0
59, Declare war, 10, , 20, , 2.0, 3972.0
59, Declare war, 20, , 8, , 2.0, 3974.0
59, Declare war, 20, , 9, , 2.0, 3976.0
59, Declare war, 17, , 20, , 2.0, 3978.0
59, Declare war, 20, , 10, , 2.0, 3980.0
59, Declare war, 20, , 17, , 2.0, 3982.0
59, Combat, 4, UNIT_CROSSBOWMAN, 9, UNIT_CROSSBOWMAN, 1.0, 3983.0
59, Death, 4, UNIT_CROSSBOWMAN, 9, UNIT_CROSSBOWMAN, 1.0, 3984.0
59, Combat, 4, UNIT_CROSSBOWMAN, 9, UNIT_CROSSBOWMAN, 1.0, 3985.0
59, Combat, 5, UNIT_KNIGHT, 2, UNIT_INDIAN_VARU, 1.0, 3986.0
59, Combat, 5, UNIT_KNIGHT, 2, UNIT_INDIAN_VARU, 1.0, 3987.0
59, Death, 5, UNIT_KNIGHT, 2, UNIT_INDIAN_VARU, 1.0, 3988.0
59, Declare war, 17, , 0, , 2.0, 3990.0
59, Declare war, 18, , 17, , 2.0, 3992.0
59, Declare war, 17, , 1, , 2.0, 3994.0
59, Declare war, 13, , 17, , 2.0, 3996.0
59, Declare war, 17, , 2, , 2.0, 3998.0
59, Declare war, 17, , 3, , 2.0, 4000.0
59, Declare war, 17, , 4, , 2.0, 4002.0
59, Declare war, 12, , 17, , 2.0, 4004.0
59, Declare war, 14, , 17, , 2.0, 4006.0
59, Declare war, 20, , 17, , 2.0, 4008.0
59, Declare war, 17, , 0, , 2.0, 4010.0
59, Declare war, 18, , 17, , 2.0, 4012.0
59, Declare war, 17, , 1, , 2.0, 4014.0
59, Declare war, 13, , 17, , 2.0, 4016.0
59, Declare war, 17, , 2, , 2.0, 4018.0
59, Declare war, 17, , 3, , 2.0, 4020.0
59, Declare war, 17, , 4, , 2.0, 4022.0
59, Declare war, 12, , 17, , 2.0, 4024.0
59, Declare war, 14, , 17, , 2.0, 4026.0
59, Declare war, 20, , 17, , 2.0, 4028.0
59, Declare war, 17, , 0, , 2.0, 4030.0
59, Declare war, 18, , 17, , 2.0, 4032.0
59, Declare war, 17, , 1, , 2.0, 4034.0
59, Declare war, 13, , 17, , 2.0, 4036.0
59, Declare war, 17, , 2, , 2.0, 4038.0
59, Declare war, 17, , 3, , 2.0, 4040.0
59, Declare war, 17, , 4, , 2.0, 4042.0
59, Declare war, 12, , 17, , 2.0, 4044.0
59, Declare war, 14, , 17, , 2.0, 4046.0
59, Declare war, 20, , 17, , 2.0, 4048.0
59, Declare war, 17, , 0, , 2.0, 4050.0
59, Declare war, 18, , 17, , 2.0, 4052.0
59, Declare war, 17, , 1, , 2.0, 4054.0
59, Declare war, 13, , 17, , 2.0, 4056.0
59, Declare war, 17, , 2, , 2.0, 4058.0
59, Declare war, 17, , 3, , 2.0, 4060.0
59, Declare war, 17, , 4, , 2.0, 4062.0
59, Declare war, 12, , 17, , 2.0, 4064.0
59, Declare war, 14, , 17, , 2.0, 4066.0
59, Declare war, 20, , 17, , 2.0, 4068.0
59, Declare war, 17, , 0, , 2.0, 4070.0
59, Declare war, 18, , 17, , 2.0, 4072.0
59, Declare war, 17, , 1, , 2.0, 4074.0
59, Declare war, 13, , 17, , 2.0, 4076.0
59, Declare war, 17, , 2, , 2.0, 4078.0
59, Declare war, 17, , 3, , 2.0, 4080.0
59, Declare war, 17, , 4, , 2.0, 4082.0
59, Declare war, 12, , 17, , 2.0, 4084.0
59, Declare war, 14, , 17, , 2.0, 4086.0
59, Declare war, 20, , 17, , 2.0, 4088.0
59, Declare war, 17, , 12, , 2.0, 4090.0
59, Declare war, 17, , 13, , 2.0, 4092.0
59, Declare war, 17, , 14, , 2.0, 4094.0
59, Declare war, 17, , 18, , 2.0, 4096.0
59, Declare war, 17, , 20, , 2.0, 4098.0
59, Combat, 9, UNIT_MUSKETMAN, 4, UNIT_CROSSBOWMAN, 1.0, 4099.0
59, Combat, 9, UNIT_COURSER, 4, UNIT_KNIGHT, 1.0, 4100.0
59, Death, 4, UNIT_KNIGHT, 9, UNIT_COURSER, 1.0, 4101.0
59, Combat, 9, UNIT_MUSKETMAN, 4, UNIT_CROSSBOWMAN, 1.0, 4102.0
59, Combat, 9, District, 4, UNIT_CROSSBOWMAN, 1.0, 4103.0
59, Combat, 10, UNIT_CROSSBOWMAN, 3, UNIT_SCOUT, 1.0, 4104.0
59, Death, 10, UNIT_CROSSBOWMAN, 3, UNIT_SCOUT, 1.0, 4105.0
59, Combat, 14, UNIT_CROSSBOWMAN, 7, UNIT_SKIRMISHER, 1.0, 4106.0
59, Combat, 14, District, 7, UNIT_SKIRMISHER, 1.0, 4107.0
59, Death, 14, DISTRICT_CITY_CENTER, 7, UNIT_SKIRMISHER, 1.0, 4108.0
