Game Turn, Attacking Civ, DefendingCiv, AttackerObjType, DefenderObjType, Attacker Type, Defender Type, AttackerID, DefenderID, AttackerStr, DefenderStr, AttackerStrMod, DefenderStrMod, AttackerDmg, DefenderDmg
40, 8, 16, 1:1, 1966102:1245192, UNIT_ARCHER, UNIT_CROSSBOWMAN, 25, 30, 0, 3, 0, 22
40, 8, 16, 1:1, 3014688:1245192, UNIT_SWORDSMAN, UNIT_CROSSBOWMAN, 36, 30, 2, 1, 23, 39
40, 9, 4, 1:1, 4653096:1900547, UNIT_CROSSBOWMAN, UNIT_SWORDSMAN, 40, 36, 3, 4, 0, 34
40, 9, 4, 1:1, 6160431:1769490, UNIT_CROSSBOWMAN, UNIT_NUBIAN_PITATI, 40, 17, -3, 0, 0, 66
40, 9, 4, 1:1, 3014684:1900547, UNIT_CATAPULT, UNIT_SWORDSMAN, 35, 36, -17, 1, 0, 14
40, 9, 4, 1:1, 4587520:196608, UNIT_CROSSBOWMAN, UNIT_VAMPIRE, 40, 36, 0, 9, 0, 25
40, 9, 4, 3:1, 458758:196608, DISTRICT_CITY_CENTER, DISTRICT_CITY_CENTER, 40, 36, 0, 7, 0, 27
40, 16, 8, 1:1, 917514:3014688, UNIT_SWORDSMAN, UNIT_SWORDSMAN, 36, 36, 4, -1, 25, 36
40, 16, 8, 1:1, 851977:3014688, UNIT_SWORDSMAN, UNIT_SWORDSMAN, 36, 36, 3, -4, 22, 40
41, 6, 4, 1:1, 3407909:131073, UNIT_SKIRMISHER, UNIT_WARRIOR, 35, 20, 0, -3, 0, 60
41, 8, 16, 1:1, 1966102:851977, UNIT_ARCHER, UNIT_SWORDSMAN, 25, 36, 0, -3, 0, 22
41, 9, 4, 1:1, 4653096:1900547, UNIT_CROSSBOWMAN, UNIT_SWORDSMAN, 40, 36, 3, 15, 0, 22
41, 9, 4, 1:1, 6160431:1900547, UNIT_CROSSBOWMAN, UNIT_SWORDSMAN, 40, 36, -3, 13, 0, 19
41, 9, 4, 1:1, 3014684:1900547, UNIT_CATAPULT, UNIT_SWORDSMAN, 35, 36, -17, 1, 0, 14
41, 9, 4, 1:1, 6291505:1900547, UNIT_MAN_AT_ARMS, UNIT_SWORDSMAN, 46, 36, 4, 0, 17, 52
41, 16, 8, 1:1, 1245192:2424853, UNIT_CROSSBOWMAN, UNIT_HORSEMAN, 40, 15, -6, -6, 0, 78
41, 16, 8, 1:1, 983045:3145762, UNIT_SWORDSMAN, UNIT_SWORDSMAN, 36, 36, -9, 12, 69, 13
41, 16, 8, 1:1, 851977:1966102, UNIT_SWORDSMAN, UNIT_ARCHER, 36, 15, -5, 0, 16, 56
42, 7, 14, 1:1, 3014666:524292, UNIT_SWORDSMAN, UNIT_CATAPULT, 36, 25, 11, 6, 16, 56
42, 16, 8, 1:1, 1310725:3145762, UNIT_CROSSBOWMAN, UNIT_SWORDSMAN, 40, 36, 0, 11, 0, 23
43, 5, 2, 1:1, 1769493:131073, UNIT_MACEDONIAN_HETAIROI, UNIT_WARRIOR, 36, 20, 0, 0, 16, 56
43, 7, 14, 1:1, 3014666:589829, UNIT_SWORDSMAN, UNIT_SWORDSMAN, 36, 36, 9, 8, 28, 32
43, 8, 16, 1:1, 1966102:720903, UNIT_ARCHER, UNIT_CATAPULT, 25, 25, -6, 10, 0, 16
43, 8, 16, 1:1, 3145762:720903, UNIT_SWORDSMAN, UNIT_CATAPULT, 36, 25, 0, -2, 18, 50
43, 8, 16, 1:1, 3080225:720903, UNIT_SWORDSMAN, UNIT_CATAPULT, 36, 25, 4, -7, 13, 69
43, 14, 7, 1:1, 458755:2621472, UNIT_CATAPULT, UNIT_SWORDSMAN, 35, 15, -17, 11, 0, 22
43, 16, 8, 1:1, 1310725:3080225, UNIT_CROSSBOWMAN, UNIT_SWORDSMAN, 40, 36, 0, 3, 0, 31
43, 16, 8, 1:1, 1245192:3080225, UNIT_CROSSBOWMAN, UNIT_SWORDSMAN, 40, 36, -6, 0, 0, 28
43, 16, 8, 1:1, 917514:3080225, UNIT_SWORDSMAN, UNIT_SWORDSMAN, 36, 36, -2, -3, 29, 31
43, 16, 8, 1:1, 851977:2228250, UNIT_SWORDSMAN, UNIT_HORSEMAN, 36, 36, -5, 0, 36, 25
44, 5, 2, 1:1, 1769493:131073, UNIT_MACEDONIAN_HETAIROI, UNIT_WARRIOR, 36, 20, -2, -6, 14, 66
44, 8, 16, 1:1, 2228250:917514, UNIT_HORSEMAN, UNIT_SWORDSMAN, 36, 36, 2, -5, 23, 39
44, 8, 16, 1:1, 3145762:917514, UNIT_SWORDSMAN, UNIT_SWORDSMAN, 36, 36, 3, -9, 19, 48
44, 9, 4, 1:1, 7536677:393220, UNIT_TREBUCHET, UNIT_SCOUT, 45, 10, -17, 15, 0, 34
44, 16, 8, 1:1, 1310725:3145762, UNIT_CROSSBOWMAN, UNIT_SWORDSMAN, 40, 36, 0, -3, 0, 40
44, 16, 8, 3:1, 65536:3604499, DISTRICT_CITY_CENTER, DISTRICT_CITY_CENTER, 40, 36, 0, 3, 0, 31
44, 0, 5, 1:1, 917512:1769493, UNIT_EGYPTIAN_CHARIOT_ARCHER, UNIT_MACEDONIAN_HETAIROI, 35, 36, 5, -3, 0, 39
44, 4, 9, 1:1, 3473421:7340071, UNIT_CROSSBOWMAN, UNIT_MAN_AT_ARMS, 40, 46, 18, 7, 0, 36
44, 4, 9, 1:1, 3407886:6815774, UNIT_CROSSBOWMAN, UNIT_CROSSBOWMAN, 40, 30, 16, 3, 0, 74
44, 4, 9, 1:1, 3604485:6815774, UNIT_CROSSBOWMAN, UNIT_CROSSBOWMAN, 40, 30, 18, -4, 0, 100
44, 4, 9, 1:1, 3538954:7340071, UNIT_CROSSBOWMAN, UNIT_MAN_AT_ARMS, 40, 46, 25, 3, 0, 55
45, 7, 16, 1:1, 3407907:1245192, UNIT_SKIRMISHER, UNIT_CROSSBOWMAN, 35, 30, 7, -2, 0, 51
45, 7, 14, 1:1, 3014666:524292, UNIT_SWORDSMAN, UNIT_CATAPULT, 36, 25, 7, 2, 16, 55
45, 8, 16, 1:1, 5439490:1245192, UNIT_VIETNAMESE_VOI_CHIEN, UNIT_CROSSBOWMAN, 40, 30, 0, -7, 0, 57
45, 9, 4, 1:1, 7536677:393220, UNIT_TREBUCHET, UNIT_SCOUT, 45, 10, -17, 13, 0, 37
45, 9, 4, 1:1, 7340071:196608, UNIT_MAN_AT_ARMS, UNIT_VAMPIRE, 46, 36, -5, 18, 49, 18
45, 14, 7, 1:1, 589829:2687009, UNIT_SWORDSMAN, UNIT_SWORDSMAN, 36, 36, -2, 19, 67, 13
45, 14, 7, 3:1, 65536:2555935, DISTRICT_CITY_CENTER, DISTRICT_CITY_CENTER, 3, 30, 0, 0, 0, 10
45, 16, 8, 3:1, 65536:1966102, DISTRICT_CITY_CENTER, DISTRICT_CITY_CENTER, 40, 15, 0, -6, 0, 99
45, 4, 9, 1:1, 3604485:7995449, UNIT_CROSSBOWMAN, UNIT_TREBUCHET, 40, 35, 18, 16, 0, 39
45, 4, 9, 1:1, 3801100:7995449, UNIT_CROSSBOWMAN, UNIT_TREBUCHET, 40, 35, 9, 12, 0, 32
45, 4, 9, 1:1, 3538954:7995449, UNIT_CROSSBOWMAN, UNIT_TREBUCHET, 40, 35, 25, 9, 0, 68
45, 0, 5, 1:1, 917512:1769493, UNIT_EGYPTIAN_CHARIOT_ARCHER, UNIT_MACEDONIAN_HETAIROI, 35, 36, 5, -7, 0, 46
46, 7, 14, 1:1, 2687009:589829, UNIT_SWORDSMAN, UNIT_SWORDSMAN, 36, 36, 10, -2, 19, 48
46, 7, 14, 1:1, 3014666:524292, UNIT_SWORDSMAN, UNIT_CATAPULT, 36, 25, 5, -4, 14, 64
46, 8, 16, 1:3, 3932199:65536, UNIT_SWORDSMAN, UNKNOWN, 36, 26, 4, 14, 30, 1
46, 8, 1, 1:1, 4522029:458756, UNIT_SKIRMISHER, UNIT_SCOUT, 35, 10, 2, 6, 0, 68
46, 9, 4, 1:1, 7536677:196608, UNIT_TREBUCHET, UNIT_VAMPIRE, 45, 36, -17, 15, 0, 12
46, 14, 7, 1:1, 458755:2621472, UNIT_CATAPULT, UNIT_SWORDSMAN, 35, 30, -17, 9, 0, 13
46, 14, 7, 1:1, 655362:2687009, UNIT_SWORDSMAN, UNIT_SWORDSMAN, 36, 36, 0, 14, 51, 17
46, 14, 7, 3:1, 65536:2621472, DISTRICT_CITY_CENTER, DISTRICT_CITY_CENTER, 3, 30, 0, -3, 0, 12
46, 16, 8, 1:1, 1310725:2228250, UNIT_CROSSBOWMAN, UNIT_HORSEMAN, 40, 36, 0, -2, 0, 37
46, 16, 8, 1:1, 1376266:2228250, UNIT_CROSSBOWMAN, UNIT_HORSEMAN, 40, 36, 0, -5, 0, 43
46, 16, 8, 3:1, 65536:3276804, DISTRICT_CITY_CENTER, DISTRICT_CITY_CENTER, 40, 25, 0, 10, 0, 36
46, 4, 9, 1:1, 3473421:7536677, UNIT_CROSSBOWMAN, UNIT_TREBUCHET, 40, 35, 18, 13, 0, 44
46, 4, 9, 1:1, 3604485:4587520, UNIT_CROSSBOWMAN, UNIT_CROSSBOWMAN, 40, 30, 18, 6, 0, 71
47, 7, 16, 1:1, 3670036:1376266, UNIT_SKIRMISHER, UNIT_CROSSBOWMAN, 35, 30, 7, 3, 0, 43
47, 8, 16, 1:1, 5439490:1376266, UNIT_VIETNAMESE_VOI_CHIEN, UNIT_CROSSBOWMAN, 40, 30, 0, -1, 0, 46
47, 8, 16, 1:1, 4915249:1376266, UNIT_SWORDSMAN, UNIT_CROSSBOWMAN, 36, 30, 4, -6, 16, 56
47, 8, 16, 1:3, 3276804:65536, UNIT_CATAPULT, UNKNOWN, 35, 26, -4, 14, 0, 2
47, 8, 16, 1:3, 3932199:65536, UNIT_SWORDSMAN, UNKNOWN, 36, 26, 1, 14, 33, 10
47, 9, 4, 3:1, 458758:3604485, DISTRICT_CITY_CENTER, DISTRICT_CITY_CENTER, 40, 30, 0, 11, 0, 29
47, 9, 4, 1:1, 7536677:3473421, UNIT_TREBUCHET, UNIT_CROSSBOWMAN, 45, 30, -21, 13, 0, 14
47, 14, 7, 1:1, 458755:2555935, UNIT_CATAPULT, UNIT_SWORDSMAN, 35, 30, -17, 10, 0, 13
47, 14, 7, 1:1, 655362:2687009, UNIT_SWORDSMAN, UNIT_SWORDSMAN, 36, 36, -5, 17, 71, 13
47, 14, 7, 3:1, 65536:2555935, DISTRICT_CITY_CENTER, DISTRICT_CITY_CENTER, 3, 30, 0, -2, 0, 11
47, 16, 8, 1:1, 1310725:3276804, UNIT_CROSSBOWMAN, UNIT_CATAPULT, 40, 25, 0, 6, 0, 42
47, 16, 8, 3:1, 65536:3276804, DISTRICT_CITY_CENTER, DISTRICT_CITY_CENTER, 40, 25, -4, 2, 0, 42
47, 0, 5, 1:1, 1572871:2293786, UNIT_EGYPTIAN_CHARIOT_ARCHER, UNIT_MACEDONIAN_HETAIROI, 35, 36, 5, 0, 0, 35
47, 0, 5, 1:1, 917512:2293786, UNIT_EGYPTIAN_CHARIOT_ARCHER, UNIT_MACEDONIAN_HETAIROI, 35, 36, 10, -3, 0, 49
47, 0, 5, 1:1, 262146:2293786, UNIT_VAMPIRE, UNIT_MACEDONIAN_HETAIROI, 50, 36, 16, -8, 7, 100
47, 4, 9, 1:1, 3538954:7536677, UNIT_CROSSBOWMAN, UNIT_TREBUCHET, 40, 35, 25, 9, 0, 69
47, 4, 9, 1:1, 3473421:4980767, UNIT_CROSSBOWMAN, UNIT_CROSSBOWMAN, 40, 30, 17, -2, 0, 92
47, 4, 9, 1:1, 3407886:7929912, UNIT_CROSSBOWMAN, UNIT_MAN_AT_ARMS, 40, 46, 16, 4, 0, 38
47, 4, 9, 1:1, 3801100:7929912, UNIT_CROSSBOWMAN, UNIT_MAN_AT_ARMS, 40, 46, 18, 0, 0, 47
47, 4, 9, 1:1, 3604485:7929912, UNIT_CROSSBOWMAN, UNIT_MAN_AT_ARMS, 40, 46, 15, -4, 0, 51
48, 5, 0, 1:1, 5111855:262146, UNIT_CROSSBOWMAN, UNIT_VAMPIRE, 40, 50, 0, 11, 0, 13
48, 5, 0, 3:1, 1048591:262146, DISTRICT_CITY_CENTER, DISTRICT_CITY_CENTER, 40, 50, 0, 5, 0, 17
48, 7, 16, 1:3, 4456488:65536, UNIT_CATAPULT, UNKNOWN, 35, 26, 7, 14, 0, 13
48, 8, 16, 1:3, 5439490:65536, UNIT_VIETNAMESE_VOI_CHIEN, UNKNOWN, 40, 26, -17, 13, 0, 14
48, 8, 16, 1:3, 4915249:65536, UNIT_SWORDSMAN, UNKNOWN, 36, 26, 2, 13, 30, 28
48, 8, 16, 1:3, 3604499:65536, UNIT_HORSEMAN, UNKNOWN, 36, 26, -2, 11, 34, 26
48, 9, 4, 1:1, 4587520:3604485, UNIT_CROSSBOWMAN, UNIT_CROSSBOWMAN, 40, 30, -7, 13, 0, 20
48, 9, 4, 3:1, 458758:3604485, DISTRICT_CITY_CENTER, DISTRICT_CITY_CENTER, 40, 30, 0, 6, 0, 35
48, 9, 4, 1:1, 4980767:3473421, UNIT_CROSSBOWMAN, UNIT_CROSSBOWMAN, 40, 30, -9, 15, 0, 17
48, 9, 4, 1:1, 5636103:3407886, UNIT_SKIRMISHER, UNIT_CROSSBOWMAN, 35, 30, 0, 14, 0, 21
48, 14, 7, 1:1, 458755:2555935, UNIT_CATAPULT, UNIT_SWORDSMAN, 35, 30, -17, 8, 0, 14
48, 14, 7, 3:1, 65536:2555935, DISTRICT_CITY_CENTER, DISTRICT_CITY_CENTER, 3, 30, 0, -5, 0, 13
48, 16, 8, 1:1, 1310725:3604499, UNIT_CROSSBOWMAN, UNIT_HORSEMAN, 40, 36, 0, -5, 0, 43
48, 0, 5, 1:1, 1966095:3342365, UNIT_KNIGHT, UNIT_CROSSBOWMAN, 50, 30, 5, -2, 10, 86
48, 4, 9, 1:1, 3473421:4980767, UNIT_CROSSBOWMAN, UNIT_CROSSBOWMAN, 40, 30, 15, -6, 0, 100
48, 0, 5, 1:3, 917512:1048591, UNIT_EGYPTIAN_CHARIOT_ARCHER, UNKNOWN, 35, 40, -17, 0, 0, 1
48, 4, 9, 1:1, 3801100:5636103, UNIT_CROSSBOWMAN, UNIT_SKIRMISHER, 40, 30, 18, 0, 0, 90
49, 5, 0, 1:1, 5111855:917512, UNIT_CROSSBOWMAN, UNIT_EGYPTIAN_CHARIOT_ARCHER, 40, 25, 3, 8, 0, 44
49, 5, 0, 1:1, 3342365:1966095, UNIT_CROSSBOWMAN, UNIT_KNIGHT, 40, 50, -6, 7, 0, 12
49, 5, 0, 1:1, 4587561:2293777, UNIT_MAN_AT_ARMS, UNIT_KNIGHT, 46, 50, 0, 12, 56, 16
49, 5, 0, 3:1, 1048591:917512, DISTRICT_CITY_CENTER, DISTRICT_CITY_CENTER, 40, 25, -1, -1, 0, 55
49, 7, 16, 1:3, 4456488:65536, UNIT_CATAPULT, UNKNOWN, 35, 26, 7, 11, 0, 36
49, 8, 16, 1:3, 5439490:65536, UNIT_VIETNAMESE_VOI_CHIEN, UNKNOWN, 40, 26, -14, 9, 0, 21
49, 8, 16, 1:3, 3932199:65536, UNIT_SWORDSMAN, UNKNOWN, 36, 26, -2, 8, 30, 30
49, 8, 16, 1:3, 4915249:65536, UNIT_SWORDSMAN, UNKNOWN, 36, 26, -1, 7, 27, 33
49, 9, 4, 1:1, 8126492:3407886, UNIT_MAN_AT_ARMS, UNIT_CROSSBOWMAN, 46, 30, 6, 18, 26, 35
49, 9, 4, 1:1, 5242890:3801100, UNIT_CROSSBOWMAN, UNIT_CROSSBOWMAN, 40, 30, 3, 16, 0, 27
49, 12, 17, 1:1, 720898:917512, UNIT_CROSSBOWMAN, UNIT_SWORDSMAN, 40, 36, 0, 0, 0, 34
49, 12, 17, 1:1, 458752:917512, UNIT_SWORDSMAN, UNIT_SWORDSMAN, 36, 36, 0, -3, 26, 34
49, 14, 7, 1:1, 458755:2555935, UNIT_CATAPULT, UNIT_SWORDSMAN, 35, 30, -17, 5, 0, 15
49, 14, 7, 3:1, 65536:2555935, DISTRICT_CITY_CENTER, DISTRICT_CITY_CENTER, 3, 30, 0, -8, 0, 14
49, 16, 8, 1:1, 1310725:3604499, UNIT_CROSSBOWMAN, UNIT_HORSEMAN, 40, 36, 3, -10, 0, 58
49, 0, 5, 1:3, 2490381:1048591, UNIT_CROSSBOWMAN, UNKNOWN, 40, 40, -9, 0, 0, 2
49, 4, 9, 1:1, 3604485:6094894, UNIT_CROSSBOWMAN, UNIT_CROSSBOWMAN, 40, 30, 25, 3, 0, 100
49, 4, 9, 1:1, 3801100:5636103, UNIT_CROSSBOWMAN, UNIT_SKIRMISHER, 40, 30, 18, -6, 0, 100
49, 0, 5, 1:1, 2555904:4587561, UNIT_CROSSBOWMAN, UNIT_MAN_AT_ARMS, 40, 46, 13, -6, 0, 49
49, 0, 5, 1:1, 2293777:3342365, UNIT_KNIGHT, UNIT_CROSSBOWMAN, 50, 30, 8, -6, 8, 100
50, 5, 0, 1:1, 5111855:2490381, UNIT_CROSSBOWMAN, UNIT_CROSSBOWMAN, 40, 30, 3, 13, 0, 30
50, 5, 0, 1:1, 3604482:2293777, UNIT_CROSSBOWMAN, UNIT_KNIGHT, 40, 50, 8, 8, 0, 21
50, 5, 0, 3:1, 1048591:2490381, DISTRICT_CITY_CENTER, DISTRICT_CITY_CENTER, 40, 30, -2, 5, 0, 33
50, 5, 1, 1:1, 3211278:262146, UNIT_SKIRMISHER, UNIT_BABYLONIAN_SABUM_KIBITTUM, 35, 17, 0, -2, 0, 66
50, 7, 16, 1:3, 4456488:65536, UNIT_CATAPULT, UNKNOWN, 35, 26, 7, 6, 0, 44
50, 7, 16, 1:3, 3932181:65536, UNIT_SKIRMISHER, UNKNOWN, 35, 26, -10, 4, 0, 25
50, 8, 16, 1:3, 5439490:65536, UNIT_VIETNAMESE_VOI_CHIEN, UNKNOWN, 40, 26, -14, 4, 0, 26
50, 8, 16, 1:3, 3932199:65536, UNIT_SWORDSMAN, UNKNOWN, 36, 26, -5, 4, 6, 31
50, 12, 17, 1:1, 720898:917512, UNIT_CROSSBOWMAN, UNIT_SWORDSMAN, 40, 36, 0, -7, 0, 45
50, 14, 7, 1:1, 458755:2555935, UNIT_CATAPULT, UNIT_SWORDSMAN, 35, 30, -17, 2, 0, 17
50, 14, 7, 3:1, 65536:4522025, DISTRICT_CITY_CENTER, DISTRICT_CITY_CENTER, 3, 30, 0, 7, 0, 8
50, 17, 12, 1:1, 1179652:589829, UNIT_CROSSBOWMAN, UNIT_SWORDSMAN, 40, 36, 3, 3, 0, 35
50, 17, 12, 1:1, 983045:589829, UNIT_SWORDSMAN, UNIT_SWORDSMAN, 36, 36, 2, 0, 27, 33
50, 17, 12, 1:1, 1114114:589829, UNIT_SWORDSMAN, UNIT_SWORDSMAN, 36, 36, 2, -4, 24, 37
50, 0, 5, 1:3, 262146:1048591, UNIT_VAMPIRE, UNKNOWN, 50, 45, 6, 0, 20, 10
50, 0, 5, 1:3, 1966095:1048591, UNIT_KNIGHT, UNKNOWN, 50, 45, 5, 0, 20, 14
50, 0, 5, 1:3, 2293777:1048591, UNIT_KNIGHT, UNKNOWN, 50, 45, 5, -1, 19, 18
50, 4, 9, 1:1, 3801100:8126492, UNIT_CROSSBOWMAN, UNIT_MAN_AT_ARMS, 40, 46, 15, 7, 0, 32
50, 4, 9, 1:1, 3604485:8126492, UNIT_CROSSBOWMAN, UNIT_MAN_AT_ARMS, 40, 46, 22, 4, 0, 47
50, 4, 9, 1:1, 3407886:6160431, UNIT_CROSSBOWMAN, UNIT_CROSSBOWMAN, 40, 30, 23, 9, 0, 75
51, 5, 0, 1:1, 5111855:2555904, UNIT_CROSSBOWMAN, UNIT_CROSSBOWMAN, 40, 30, 3, 11, 0, 32
51, 5, 0, 3:1, 1048591:2490381, DISTRICT_CITY_CENTER, DISTRICT_CITY_CENTER, 40, 30, -4, 7, 0, 28
51, 5, 1, 1:1, 3211278:262146, UNIT_SKIRMISHER, UNIT_BABYLONIAN_SABUM_KIBITTUM, 35, 17, 0, -4, 0, 69
51, 9, 4, 1:1, 9109537:3801100, UNIT_KNIGHT, UNIT_CROSSBOWMAN, 50, 30, 0, 13, 23, 39
51, 12, 17, 1:1, 720898:1048577, UNIT_CROSSBOWMAN, UNIT_SWORDSMAN, 40, 36, 0, 6, 0, 27
51, 14, 7, 1:1, 458755:4522025, UNIT_CATAPULT, UNIT_SKIRMISHER, 35, 30, -17, 7, 0, 14
51, 14, 7, 3:1, 65536:4522025, DISTRICT_CITY_CENTER, DISTRICT_CITY_CENTER, 3, 30, 0, -2, 0, 11
51, 17, 12, 1:1, 1179652:458752, UNIT_CROSSBOWMAN, UNIT_SWORDSMAN, 40, 36, 3, -3, 0, 43
51, 0, 5, 1:1, 2555904:4784155, UNIT_CROSSBOWMAN, UNIT_KNIGHT, 40, 50, 10, 0, 0, 30
51, 0, 5, 1:1, 2293777:4784155, UNIT_KNIGHT, UNIT_KNIGHT, 50, 50, 12, -3, 17, 54
51, 0, 5, 1:1, 262146:4784155, UNIT_VAMPIRE, UNIT_KNIGHT, 50, 50, 13, -8, 13, 69
51, 0, 5, 1:1, 2490381:5111855, UNIT_CROSSBOWMAN, UNIT_CROSSBOWMAN, 40, 30, 10, 3, 0, 59
51, 0, 5, 1:1, 2621450:5111855, UNIT_CROSSBOWMAN, UNIT_CROSSBOWMAN, 40, 30, 13, -3, 0, 82
51, 4, 9, 1:1, 3604485:9109537, UNIT_CROSSBOWMAN, UNIT_KNIGHT, 40, 50, 25, 4, 0, 46
51, 4, 9, 1:1, 3473421:9109537, UNIT_CROSSBOWMAN, UNIT_KNIGHT, 40, 50, 28, -1, 0, 63
52, 5, 0, 1:1, 4128805:1966095, UNIT_MAN_AT_ARMS, UNIT_KNIGHT, 46, 50, 2, 13, 53, 17
52, 5, 0, 3:1, 1048591:2490381, DISTRICT_CITY_CENTER, DISTRICT_CITY_CENTER, 40, 30, -4, 0, 0, 36
52, 9, 4, 1:1, 8847397:3538954, UNIT_MUSKETMAN, UNIT_CROSSBOWMAN, 55, 30, 4, 16, 18, 50
52, 12, 17, 1:1, 720898:1048577, UNIT_CROSSBOWMAN, UNIT_SWORDSMAN, 40, 36, 0, 4, 0, 29
52, 14, 7, 3:1, 65536:4522025, DISTRICT_CITY_CENTER, DISTRICT_CITY_CENTER, 40, 30, 0, 4, 0, 37
52, 0, 5, 1:1, 2555904:2555916, UNIT_CROSSBOWMAN, UNIT_MACEDONIAN_HETAIROI, 40, 36, 10, -2, 0, 56
52, 0, 5, 1:1, 262146:2555916, UNIT_VAMPIRE, UNIT_MACEDONIAN_HETAIROI, 50, 36, 12, -6, 9, 100
52, 2, 5, 1:1, 1638407:5832756, UNIT_KNIGHT, UNIT_KNIGHT, 50, 50, 11, 3, 22, 41
52, 4, 8, 1:1, 4587543:5242890, UNIT_KNIGHT, UNIT_SKIRMISHER, 50, 30, 8, 0, 10, 90
52, 4, 9, 1:1, 3604485:8781880, UNIT_CROSSBOWMAN, UNIT_KNIGHT, 40, 50, 25, 6, 0, 42
52, 4, 9, 1:1, 3801100:8847397, UNIT_CROSSBOWMAN, UNIT_MUSKETMAN, 40, 55, 27, 8, 0, 35
52, 4, 9, 1:1, 3473421:8847397, UNIT_CROSSBOWMAN, UNIT_MUSKETMAN, 40, 55, 28, 5, 0, 41
52, 4, 9, 1:1, 3538954:8847397, UNIT_CROSSBOWMAN, UNIT_MUSKETMAN, 40, 55, 23, 1, 0, 40
52, 4, 9, 1:1, 3407886:8781880, UNIT_CROSSBOWMAN, UNIT_KNIGHT, 40, 50, 26, 2, 0, 51
52, 0, 5, 1:3, 2621450:1048591, UNIT_CROSSBOWMAN, UNKNOWN, 40, 45, -9, -1, 0, 9
53, 5, 0, 1:1, 3604482:2555904, UNIT_CROSSBOWMAN, UNIT_CROSSBOWMAN, 40, 30, 11, 8, 0, 50
53, 5, 0, 1:1, 4128805:1966095, UNIT_MAN_AT_ARMS, UNIT_KNIGHT, 46, 50, 0, 14, 61, 15
53, 5, 0, 3:1, 1048591:2555904, DISTRICT_CITY_CENTER, DISTRICT_CITY_CENTER, 40, 30, -6, -2, 0, 39
53, 8, 4, 1:3, 4522029:1245202, UNIT_SKIRMISHER, UNKNOWN, 35, 40, -17, 0, 0, 13
53, 9, 4, 1:1, 9371693:3538954, UNIT_MUSKETMAN, UNIT_CROSSBOWMAN, 55, 30, 4, 11, 15, 61
53, 9, 4, 3:1, 65536:196608, DISTRICT_CITY_CENTER, DISTRICT_CITY_CENTER, 40, 50, 0, 7, 0, 16
53, 14, 7, 3:1, 65536:1900568, DISTRICT_CITY_CENTER, DISTRICT_CITY_CENTER, 40, 30, 0, 0, 0, 44
53, 14, 7, 1:1, 458755:1900568, UNIT_CATAPULT, UNIT_WARRIOR, 35, 30, -17, 7, 0, 14
53, 14, 7, 1:1, 786434:1900568, UNIT_CROSSBOWMAN, UNIT_WARRIOR, 40, 30, 3, 5, 0, 41
53, 17, 12, 3:1, 65536:458752, DISTRICT_CITY_CENTER, DISTRICT_CITY_CENTER, 40, 36, 0, -7, 0, 46
53, 2, 5, 1:1, 1638407:4194314, UNIT_KNIGHT, UNIT_MAN_AT_ARMS, 50, 46, 6, 5, 25, 36
53, 4, 9, 1:1, 4587543:8781880, UNIT_KNIGHT, UNIT_KNIGHT, 50, 50, 9, -6, 16, 55
53, 4, 8, 1:1, 393220:5242890, UNIT_SCOUT, UNIT_SKIRMISHER, 10, 30, 8, -4, 41, 22
53, 4, 8, 1:1, 4653064:4522029, UNIT_CROSSBOWMAN, UNIT_SKIRMISHER, 40, 30, 11, -2, 0, 74
53, 4, 8, 1:1, 4128790:4522029, UNIT_VAMPIRE, UNIT_SKIRMISHER, 50, 30, 8, -9, 7, 100
53, 4, 9, 1:1, 3604485:9371693, UNIT_CROSSBOWMAN, UNIT_MUSKETMAN, 40, 55, 25, 3, 0, 39
53, 4, 9, 1:1, 3801100:9371693, UNIT_CROSSBOWMAN, UNIT_MUSKETMAN, 40, 55, 27, -1, 0, 51
53, 4, 9, 1:1, 3473421:8257551, UNIT_CROSSBOWMAN, UNIT_COURSER, 40, 46, 28, 6, 0, 56
53, 0, 5, 1:1, 2293777:5832756, UNIT_KNIGHT, UNIT_KNIGHT, 50, 50, 12, -1, 18, 50
53, 0, 5, 1:1, 262146:5832756, UNIT_VAMPIRE, UNIT_KNIGHT, 50, 50, 13, -6, 14, 63
53, 0, 5, 1:3, 2621450:1048591, UNIT_CROSSBOWMAN, UNKNOWN, 40, 45, -9, -1, 0, 11
53, 0, 5, 1:3, 2949136:1048591, UNIT_KNIGHT, UNKNOWN, 50, 45, 5, -2, 19, 34
53, 0, 5, 1:3, 1966095:1048591, UNIT_KNIGHT, UNKNOWN, 50, 45, 4, -4, 18, 39
54, 5, 0, 1:1, 3604482:2621450, UNIT_CROSSBOWMAN, UNIT_CROSSBOWMAN, 40, 30, 11, 13, 0, 41
54, 5, 1, 1:1, 2097163:196608, UNIT_MACEDONIAN_HETAIROI, UNIT_BABYLONIAN_SABUM_KIBITTUM, 36, 17, 3, 23, 31, 29
54, 5, 2, 1:1, 4194314:1638407, UNIT_MAN_AT_ARMS, UNIT_KNIGHT, 46, 50, -4, 6, 52, 17
54, 5, 2, 3:1, 1048591:1638407, DISTRICT_CITY_CENTER, DISTRICT_CITY_CENTER, 40, 50, -9, -5, 0, 18
54, 9, 4, 1:1, 8454174:3473421, UNIT_COURSER, UNIT_CROSSBOWMAN, 46, 30, 2, 22, 35, 26
54, 14, 7, 3:1, 65536:1900568, DISTRICT_CITY_CENTER, DISTRICT_CITY_CENTER, 40, 30, 0, -10, 0, 65
54, 2, 5, 1:1, 1638407:4194314, UNIT_KNIGHT, UNIT_MAN_AT_ARMS, 50, 46, 0, -4, 17, 40
54, 0, 5, 1:1, 2293777:5046318, UNIT_KNIGHT, UNIT_KNIGHT, 50, 50, 12, 1, 19, 46
54, 0, 5, 1:1, 262146:5046318, UNIT_VAMPIRE, UNIT_KNIGHT, 50, 50, 14, -4, 15, 60
54, 0, 5, 1:1, 2949136:3604482, UNIT_KNIGHT, UNIT_CROSSBOWMAN, 50, 30, 12, 6, 11, 83
54, 0, 5, 1:1, 1966095:3604482, UNIT_KNIGHT, UNIT_CROSSBOWMAN, 50, 30, 11, -2, 8, 100
54, 4, 9, 1:1, 3801100:9699356, UNIT_CROSSBOWMAN, UNIT_MUSKETMAN, 40, 55, 27, 4, 0, 42
54, 4, 9, 1:1, 3604485:9699356, UNIT_CROSSBOWMAN, UNIT_MUSKETMAN, 40, 55, 25, 0, 0, 44
54, 4, 9, 1:1, 3473421:9699356, UNIT_CROSSBOWMAN, UNIT_MUSKETMAN, 40, 55, 25, -5, 0, 54
54, 0, 5, 1:3, 3014669:1048591, UNIT_KNIGHT, UNKNOWN, 50, 45, 0, 5, 30, 27
55, 5, 1, 1:1, 2097163:196608, UNIT_MACEDONIAN_HETAIROI, UNIT_BABYLONIAN_SABUM_KIBITTUM, 36, 17, 12, 25, 24, 37
55, 5, 2, 3:1, 1048591:1638407, DISTRICT_CITY_CENTER, DISTRICT_CITY_CENTER, 40, 50, -9, -7, 0, 18
55, 9, 4, 1:1, 4587520:4587543, UNIT_CROSSBOWMAN, UNIT_KNIGHT, 40, 50, -2, 13, 0, 11
55, 9, 4, 1:1, 8454174:3801100, UNIT_COURSER, UNIT_CROSSBOWMAN, 46, 30, -3, 15, 33, 27
55, 14, 8, 1:1, 458755:10420306, UNIT_CATAPULT, UNIT_GALLEY, 35, 30, 0, 4, 0, 31
55, 14, 8, 1:1, 786434:10420306, UNIT_CROSSBOWMAN, UNIT_GALLEY, 40, 30, -14, 1, 0, 25
55, 14, 8, 3:1, 65536:10420306, DISTRICT_CITY_CENTER, DISTRICT_CITY_CENTER, 40, 30, 0, -2, 0, 47
55, 0, 5, 1:3, 2621450:1048591, UNIT_CROSSBOWMAN, UNKNOWN, 40, 45, -9, 5, 0, 14
55, 0, 5, 1:3, 1966095:1048591, UNIT_KNIGHT, UNKNOWN, 50, 45, 1, 4, 28, 32
55, 0, 5, 1:3, 262146:1048591, UNIT_VAMPIRE, UNKNOWN, 50, 45, 5, 3, 23, 40
55, 0, 5, 1:3, 2949136:1048591, UNIT_KNIGHT, UNKNOWN, 50, 45, 2, 1, 23, 39
55, 4, 9, 1:1, 3473421:4587520, UNIT_CROSSBOWMAN, UNIT_CROSSBOWMAN, 40, 30, 25, 1, 0, 100
55, 4, 9, 1:1, 3801100:8454174, UNIT_CROSSBOWMAN, UNIT_COURSER, 40, 46, 25, -1, 0, 64
55, 4, 9, 1:1, 3407886:6160431, UNIT_CROSSBOWMAN, UNIT_CROSSBOWMAN, 40, 30, 28, 6, 0, 100
56, 5, 0, 1:1, 5242906:262146, UNIT_VAMPIRE, UNIT_VAMPIRE, 55, 50, 3, 10, 32, 28
56, 7, 14, 1:1, 3866661:458755, UNIT_SKIRMISHER, UNIT_CATAPULT, 35, 25, 7, 13, 0, 35
56, 9, 4, 1:1, 8716315:3473421, UNIT_KNIGHT, UNIT_CROSSBOWMAN, 50, 30, 0, 19, 29, 31
56, 14, 7, 1:1, 458755:3866661, UNIT_CATAPULT, UNIT_SKIRMISHER, 35, 30, -13, 10, 0, 15
56, 14, 7, 3:1, 65536:3866661, DISTRICT_CITY_CENTER, DISTRICT_CITY_CENTER, 40, 30, 0, 9, 0, 32
56, 0, 5, 1:1, 2293777:5242906, UNIT_KNIGHT, UNIT_VAMPIRE, 50, 55, 8, 0, 26, 34
56, 0, 5, 1:1, 2949136:5242906, UNIT_KNIGHT, UNIT_VAMPIRE, 50, 55, 9, -4, 23, 33
56, 4, 9, 1:1, 3604485:8716315, UNIT_CROSSBOWMAN, UNIT_KNIGHT, 40, 50, 28, 0, 0, 60
56, 4, 9, 1:1, 3407886:8716315, UNIT_CROSSBOWMAN, UNIT_KNIGHT, 40, 50, 28, -6, 0, 75
57, 5, 2, 1:1, 3407892:1507331, UNIT_SKIRMISHER, UNIT_INDIAN_VARU, 35, 40, -5, 14, 0, 12
57, 5, 0, 1:1, 5439529:3014669, UNIT_KNIGHT, UNIT_KNIGHT, 50, 50, 0, 10, 44, 20
57, 7, 14, 1:1, 5701651:458755, UNIT_MAN_AT_ARMS, UNIT_CATAPULT, 46, 25, 13, 0, 8, 100
57, 9, 4, 1:1, 5242890:4128790, UNIT_CROSSBOWMAN, UNIT_VAMPIRE, 40, 50, 3, 19, 0, 11
57, 9, 4, 1:1, 9043977:3604485, UNIT_MUSKETMAN, UNIT_CROSSBOWMAN, 55, 30, 4, 19, 20, 44
57, 9, 4, 3:1, 65536:196608, DISTRICT_CITY_CENTER, DISTRICT_CITY_CENTER, 40, 50, 0, 14, 0, 12
57, 14, 7, 1:1, 786434:3866661, UNIT_CROSSBOWMAN, UNIT_SKIRMISHER, 40, 30, 3, 5, 0, 40
57, 14, 7, 1:1, 851973:3866661, UNIT_CROSSBOWMAN, UNIT_SKIRMISHER, 40, 30, 3, 1, 0, 47
57, 14, 7, 3:1, 65536:5701651, DISTRICT_CITY_CENTER, DISTRICT_CITY_CENTER, 40, 46, 0, 13, 0, 14
57, 4, 9, 1:1, 3407886:9043977, UNIT_CROSSBOWMAN, UNIT_MUSKETMAN, 40, 55, 28, 5, 0, 40
57, 2, 5, 1:1, 1507331:3407892, UNIT_INDIAN_VARU, UNIT_SKIRMISHER, 40, 30, 7, -5, 13, 70
58, 5, 2, 1:1, 3407892:1507331, UNIT_SKIRMISHER, UNIT_INDIAN_VARU, 35, 40, -12, 12, 0, 10
58, 5, 0, 1:1, 5439529:3014669, UNIT_KNIGHT, UNIT_KNIGHT, 50, 50, 6, 13, 40, 22
58, 7, 14, 1:1, 5701651:851973, UNIT_MAN_AT_ARMS, UNIT_CROSSBOWMAN, 46, 30, 9, 3, 13, 70
58, 9, 4, 1:1, 7864328:3407886, UNIT_CROSSBOWMAN, UNIT_CROSSBOWMAN, 40, 30, 3, 22, 0, 21
58, 9, 4, 3:1, 65536:196608, DISTRICT_CITY_CENTER, DISTRICT_CITY_CENTER, 40, 50, 0, 9, 0, 14
58, 9, 4, 3:1, 786443:196608, DISTRICT_ENCAMPMENT, DISTRICT_ENCAMPMENT, 40, 50, 0, 8, 0, 15
58, 9, 4, 3:1, 1441813:4587543, DISTRICT_CITY_CENTER, DISTRICT_CITY_CENTER, 40, 50, 0, 8, 0, 15
58, 10, 3, 1:1, 1114120:196608, UNIT_SWORDSMAN, UNIT_SCOUT, 36, 10, 0, 11, 17, 54
58, 14, 7, 1:1, 786434:5701651, UNIT_CROSSBOWMAN, UNIT_MAN_AT_ARMS, 40, 46, 3, 11, 0, 18
58, 14, 7, 1:1, 851973:5701651, UNIT_CROSSBOWMAN, UNIT_MAN_AT_ARMS, 40, 46, -4, 9, 0, 14
58, 14, 7, 3:1, 65536:5701651, DISTRICT_CITY_CENTER, DISTRICT_CITY_CENTER, 40, 46, 0, 7, 0, 18
58, 0, 5, 1:1, 2621450:3211278, UNIT_CROSSBOWMAN, UNIT_SKIRMISHER, 40, 30, 18, 6, 0, 71
58, 0, 5, 1:1, 2293777:3211278, UNIT_KNIGHT, UNIT_SKIRMISHER, 50, 30, 5, -1, 11, 82
58, 0, 5, 1:1, 3014669:5439529, UNIT_KNIGHT, UNIT_KNIGHT, 50, 50, 7, -8, 17, 54
58, 4, 9, 1:1, 4653064:8257551, UNIT_CROSSBOWMAN, UNIT_COURSER, 40, 46, 11, -5, 0, 43
58, 4, 9, 1:1, 3801100:9043977, UNIT_CROSSBOWMAN, UNIT_MUSKETMAN, 50, 55, 27, 1, 0, 69
58, 4, 9, 1:1, 3407886:7864328, UNIT_CROSSBOWMAN, UNIT_CROSSBOWMAN, 40, 30, 26, 3, 0, 100
58, 4, 9, 1:1, 3473421:10354751, UNIT_CROSSBOWMAN, UNIT_MUSKETMAN, 40, 55, 27, 7, 0, 37
58, 2, 6, 1:1, 2228232:4063245, UNIT_KNIGHT, UNIT_SKIRMISHER, 50, 30, 10, -5, 8, 100
58, 2, 5, 1:1, 1507331:3407892, UNIT_INDIAN_VARU, UNIT_SKIRMISHER, 40, 30, 5, -10, 11, 78
58, 4, 9, 1:1, 3473421:10354751, UNIT_CROSSBOWMAN, UNIT_MUSKETMAN, 40, 55, 27, 7, 0, 37
58, 5, 2, 1:1, 3407892:1507331, UNIT_SKIRMISHER, UNIT_INDIAN_VARU, 35, 40, -12, 12, 0, 10
58, 5, 0, 1:1, 5439529:3014669, UNIT_KNIGHT, UNIT_KNIGHT, 50, 50, 6, 13, 40, 22
58, 7, 14, 1:3, 5701651:65536, UNIT_MAN_AT_ARMS, UNKNOWN, 46, 26, 9, 15, 17, 1
58, 9, 4, 1:1, 7864328:3407886, UNIT_CROSSBOWMAN, UNIT_CROSSBOWMAN, 40, 30, 3, 23, 0, 21
58, 9, 4, 1:1, 8257551:4587543, UNIT_COURSER, UNIT_KNIGHT, 46, 50, -1, 2, 39, 23
58, 9, 4, 3:1, 1441813:4653064, DISTRICT_CITY_CENTER, DISTRICT_CITY_CENTER, 40, 30, 0, 1, 0, 43
58, 10, 3, 1:1, 1114120:196608, UNIT_SWORDSMAN, UNIT_SCOUT, 36, 10, 0, 11, 17, 54
58, 14, 7, 3:1, 65536:5701651, DISTRICT_CITY_CENTER, DISTRICT_CITY_CENTER, 40, 46, -1, 10, 0, 15
58, 2, 6, 1:1, 2228232:4063245, UNIT_KNIGHT, UNIT_SKIRMISHER, 50, 30, 10, -5, 8, 100
58, 2, 5, 1:1, 1507331:3407892, UNIT_INDIAN_VARU, UNIT_SKIRMISHER, 40, 30, 5, -10, 11, 78
58, 0, 5, 1:1, 2621450:3211278, UNIT_CROSSBOWMAN, UNIT_SKIRMISHER, 40, 30, 18, 6, 0, 71
58, 0, 5, 1:1, 2293777:3211278, UNIT_KNIGHT, UNIT_SKIRMISHER, 50, 30, 5, -1, 11, 82
58, 0, 5, 1:1, 3014669:5439529, UNIT_KNIGHT, UNIT_KNIGHT, 50, 50, 7, -8, 17, 54
59, 4, 9, 1:1, 3604485:7864328, UNIT_CROSSBOWMAN, UNIT_CROSSBOWMAN, 50, 30, 23, 3, 0, 100
59, 4, 9, 1:1, 3473421:5242890, UNIT_CROSSBOWMAN, UNIT_CROSSBOWMAN, 40, 30, 24, 9, 0, 81
59, 5, 2, 1:1, 6160396:1507331, UNIT_KNIGHT, UNIT_INDIAN_VARU, 50, 40, -5, 3, 28, 32
59, 5, 2, 1:1, 7012392:1507331, UNIT_KNIGHT, UNIT_INDIAN_VARU, 50, 40, -3, 0, 23, 39
59, 9, 4, 1:1, 9043977:3604485, UNIT_MUSKETMAN, UNIT_CROSSBOWMAN, 55, 40, -6, 14, 36, 25
59, 9, 4, 1:1, 8257551:4587543, UNIT_COURSER, UNIT_KNIGHT, 46, 50, -6, 3, 51, 18
59, 9, 4, 1:1, 8978445:3473421, UNIT_MUSKETMAN, UNIT_CROSSBOWMAN, 55, 30, 4, 15, 18, 51
59, 9, 4, 3:1, 1441813:3473421, DISTRICT_CITY_CENTER, DISTRICT_CITY_CENTER, 40, 30, 0, 5, 0, 36
59, 10, 3, 1:1, 983040:196608, UNIT_CROSSBOWMAN, UNIT_SCOUT, 40, 10, 3, 3, 0, 98
59, 14, 7, 1:1, 917509:4522025, UNIT_CROSSBOWMAN, UNIT_SKIRMISHER, 40, 30, 3, 5, 0, 42
59, 14, 7, 3:1, 65536:4522025, DISTRICT_CITY_CENTER, DISTRICT_CITY_CENTER, 40, 30, -1, 0, 0, 42
