Turn, PlayerIndex, Control, HeroesDiscovered, HeroesClaimed, HeroesRecalled, DiscoveryOrder
40, 0, Human, 0, 0, 0, Rebuilding Discovery Order
40, 1, Human, 0, 0, 0, Rebuilding Discovery Order
40, 2, Human, 0, 0, 0, Rebuilding Discovery Order
40, 3, Human, 0, 0, 0, Rebuilding Discovery Order
40, 4, Human, 0, 0, 0, Rebuilding Discovery Order
40, 5, AI, 0, 0, 0, Rebuilding Discovery Order
40, 6, AI, 0, 0, 0, Rebuilding Discovery Order
40, 7, AI, 0, 0, 0, Rebuilding Discovery Order
40, 8, AI, 0, 0, 0, Rebuilding Discovery Order
40, 9, AI, 0, 0, 0, Rebuilding Discovery Order
41, 0, Human, 0, 0, 0, Rebuilding Discovery Order
41, 1, Human, 0, 0, 0, Rebuilding Discovery Order
41, 2, Human, 0, 0, 0, Rebuilding Discovery Order
41, 3, Human, 0, 0, 0, Rebuilding Discovery Order
41, 4, Human, 0, 0, 0, Rebuilding Discovery Order
41, 5, AI, 0, 0, 0, Rebuilding Discovery Order
41, 6, AI, 0, 0, 0, Rebuilding Discovery Order
41, 7, AI, 0, 0, 0, Rebuilding Discovery Order
41, 8, AI, 0, 0, 0, Rebuilding Discovery Order
41, 9, AI, 0, 0, 0, Rebuilding Discovery Order
42, 0, Human, 0, 0, 0, Rebuilding Discovery Order
42, 1, Human, 0, 0, 0, Rebuilding Discovery Order
42, 2, Human, 0, 0, 0, Rebuilding Discovery Order
42, 3, Human, 0, 0, 0, Rebuilding Discovery Order
42, 4, Human, 0, 0, 0, Rebuilding Discovery Order
42, 5, AI, 0, 0, 0, Rebuilding Discovery Order
42, 6, AI, 0, 0, 0, Rebuilding Discovery Order
42, 7, AI, 0, 0, 0, Rebuilding Discovery Order
42, 8, AI, 0, 0, 0, Rebuilding Discovery Order
42, 9, AI, 0, 0, 0, Rebuilding Discovery Order
43, 0, Human, 0, 0, 0, Rebuilding Discovery Order
43, 1, Human, 0, 0, 0, Rebuilding Discovery Order
43, 2, Human, 0, 0, 0, Rebuilding Discovery Order
43, 3, Human, 0, 0, 0, Rebuilding Discovery Order
43, 4, Human, 0, 0, 0, Rebuilding Discovery Order
43, 5, AI, 0, 0, 0, Rebuilding Discovery Order
43, 6, AI, 0, 0, 0, Rebuilding Discovery Order
43, 7, AI, 0, 0, 0, Rebuilding Discovery Order
43, 8, AI, 0, 0, 0, Rebuilding Discovery Order
43, 9, AI, 0, 0, 0, Rebuilding Discovery Order
44, 0, Human, 0, 0, 0, Rebuilding Discovery Order
44, 1, Human, 0, 0, 0, Rebuilding Discovery Order
44, 2, Human, 0, 0, 0, Rebuilding Discovery Order
44, 3, Human, 0, 0, 0, Rebuilding Discovery Order
44, 4, Human, 0, 0, 0, Rebuilding Discovery Order
44, 5, AI, 0, 0, 0, Rebuilding Discovery Order
44, 6, AI, 0, 0, 0, Rebuilding Discovery Order
44, 7, AI, 0, 0, 0, Rebuilding Discovery Order
44, 8, AI, 0, 0, 0, Rebuilding Discovery Order
44, 9, AI, 0, 0, 0, Rebuilding Discovery Order
45, 0, Human, 0, 0, 0, Rebuilding Discovery Order
45, 1, Human, 0, 0, 0, Rebuilding Discovery Order
45, 2, Human, 0, 0, 0, Rebuilding Discovery Order
45, 3, Human, 0, 0, 0, Rebuilding Discovery Order
45, 4, Human, 0, 0, 0, Rebuilding Discovery Order
45, 5, AI, 0, 0, 0, Rebuilding Discovery Order
45, 6, AI, 0, 0, 0, Rebuilding Discovery Order
45, 7, AI, 0, 0, 0, Rebuilding Discovery Order
45, 8, AI, 0, 0, 0, Rebuilding Discovery Order
45, 9, AI, 0, 0, 0, Rebuilding Discovery Order
46, 0, Human, 0, 0, 0, Rebuilding Discovery Order
46, 1, Human, 0, 0, 0, Rebuilding Discovery Order
46, 2, Human, 0, 0, 0, Rebuilding Discovery Order
46, 3, Human, 0, 0, 0, Rebuilding Discovery Order
46, 4, Human, 0, 0, 0, Rebuilding Discovery Order
46, 5, AI, 0, 0, 0, Rebuilding Discovery Order
46, 6, AI, 0, 0, 0, Rebuilding Discovery Order
46, 7, AI, 0, 0, 0, Rebuilding Discovery Order
46, 8, AI, 0, 0, 0, Rebuilding Discovery Order
46, 9, AI, 0, 0, 0, Rebuilding Discovery Order
47, 0, Human, 0, 0, 0, Rebuilding Discovery Order
47, 1, Human, 0, 0, 0, Rebuilding Discovery Order
47, 2, Human, 0, 0, 0, Rebuilding Discovery Order
47, 3, Human, 0, 0, 0, Rebuilding Discovery Order
47, 4, Human, 0, 0, 0, Rebuilding Discovery Order
47, 5, AI, 0, 0, 0, Rebuilding Discovery Order
47, 6, AI, 0, 0, 0, Rebuilding Discovery Order
47, 7, AI, 0, 0, 0, Rebuilding Discovery Order
47, 8, AI, 0, 0, 0, Rebuilding Discovery Order
47, 9, AI, 0, 0, 0, Rebuilding Discovery Order
48, 0, Human, 0, 0, 0, Rebuilding Discovery Order
48, 1, Human, 0, 0, 0, Rebuilding Discovery Order
48, 2, Human, 0, 0, 0, Rebuilding Discovery Order
48, 3, Human, 0, 0, 0, Rebuilding Discovery Order
48, 4, Human, 0, 0, 0, Rebuilding Discovery Order
48, 5, AI, 0, 0, 0, Rebuilding Discovery Order
48, 6, AI, 0, 0, 0, Rebuilding Discovery Order
48, 7, AI, 0, 0, 0, Rebuilding Discovery Order
48, 8, AI, 0, 0, 0, Rebuilding Discovery Order
48, 9, AI, 0, 0, 0, Rebuilding Discovery Order
49, 0, Human, 0, 0, 0, Rebuilding Discovery Order
49, 1, Human, 0, 0, 0, Rebuilding Discovery Order
49, 2, Human, 0, 0, 0, Rebuilding Discovery Order
49, 3, Human, 0, 0, 0, Rebuilding Discovery Order
49, 4, Human, 0, 0, 0, Rebuilding Discovery Order
49, 5, AI, 0, 0, 0, Rebuilding Discovery Order
49, 6, AI, 0, 0, 0, Rebuilding Discovery Order
49, 7, AI, 0, 0, 0, Rebuilding Discovery Order
49, 8, AI, 0, 0, 0, Rebuilding Discovery Order
49, 9, AI, 0, 0, 0, Rebuilding Discovery Order
50, 0, Human, 0, 0, 0, Rebuilding Discovery Order
50, 1, Human, 0, 0, 0, Rebuilding Discovery Order
50, 2, Human, 0, 0, 0, Rebuilding Discovery Order
50, 3, Human, 0, 0, 0, Rebuilding Discovery Order
50, 4, Human, 0, 0, 0, Rebuilding Discovery Order
50, 5, AI, 0, 0, 0, Rebuilding Discovery Order
50, 6, AI, 0, 0, 0, Rebuilding Discovery Order
50, 7, AI, 0, 0, 0, Rebuilding Discovery Order
50, 8, AI, 0, 0, 0, Rebuilding Discovery Order
50, 9, AI, 0, 0, 0, Rebuilding Discovery Order
51, 0, Human, 0, 0, 0, Rebuilding Discovery Order
51, 1, Human, 0, 0, 0, Rebuilding Discovery Order
51, 2, Human, 0, 0, 0, Rebuilding Discovery Order
51, 3, Human, 0, 0, 0, Rebuilding Discovery Order
51, 4, Human, 0, 0, 0, Rebuilding Discovery Order
51, 5, AI, 0, 0, 0, Rebuilding Discovery Order
51, 6, AI, 0, 0, 0, Rebuilding Discovery Order
51, 7, AI, 0, 0, 0, Rebuilding Discovery Order
51, 8, AI, 0, 0, 0, Rebuilding Discovery Order
51, 9, AI, 0, 0, 0, Rebuilding Discovery Order
52, 0, Human, 0, 0, 0, Rebuilding Discovery Order
52, 1, Human, 0, 0, 0, Rebuilding Discovery Order
52, 2, Human, 0, 0, 0, Rebuilding Discovery Order
52, 3, Human, 0, 0, 0, Rebuilding Discovery Order
52, 4, Human, 0, 0, 0, Rebuilding Discovery Order
52, 5, AI, 0, 0, 0, Rebuilding Discovery Order
52, 6, AI, 0, 0, 0, Rebuilding Discovery Order
52, 7, AI, 0, 0, 0, Rebuilding Discovery Order
52, 8, AI, 0, 0, 0, Rebuilding Discovery Order
52, 9, AI, 0, 0, 0, Rebuilding Discovery Order
53, 0, Human, 0, 0, 0, Rebuilding Discovery Order
53, 1, Human, 0, 0, 0, Rebuilding Discovery Order
53, 2, Human, 0, 0, 0, Rebuilding Discovery Order
53, 3, Human, 0, 0, 0, Rebuilding Discovery Order
53, 4, Human, 0, 0, 0, Rebuilding Discovery Order
53, 5, AI, 0, 0, 0, Rebuilding Discovery Order
53, 6, AI, 0, 0, 0, Rebuilding Discovery Order
53, 7, AI, 0, 0, 0, Rebuilding Discovery Order
53, 8, AI, 0, 0, 0, Rebuilding Discovery Order
53, 9, AI, 0, 0, 0, Rebuilding Discovery Order
54, 0, Human, 0, 0, 0, Rebuilding Discovery Order
54, 1, Human, 0, 0, 0, Rebuilding Discovery Order
54, 2, Human, 0, 0, 0, Rebuilding Discovery Order
54, 3, Human, 0, 0, 0, Rebuilding Discovery Order
54, 4, Human, 0, 0, 0, Rebuilding Discovery Order
54, 5, AI, 0, 0, 0, Rebuilding Discovery Order
54, 6, AI, 0, 0, 0, Rebuilding Discovery Order
54, 7, AI, 0, 0, 0, Rebuilding Discovery Order
54, 8, AI, 0, 0, 0, Rebuilding Discovery Order
54, 9, AI, 0, 0, 0, Rebuilding Discovery Order
55, 0, Human, 0, 0, 0, Rebuilding Discovery Order
55, 1, Human, 0, 0, 0, Rebuilding Discovery Order
55, 2, Human, 0, 0, 0, Rebuilding Discovery Order
55, 3, Human, 0, 0, 0, Rebuilding Discovery Order
55, 4, Human, 0, 0, 0, Rebuilding Discovery Order
55, 5, AI, 0, 0, 0, Rebuilding Discovery Order
55, 6, AI, 0, 0, 0, Rebuilding Discovery Order
55, 7, AI, 0, 0, 0, Rebuilding Discovery Order
55, 8, AI, 0, 0, 0, Rebuilding Discovery Order
55, 9, AI, 0, 0, 0, Rebuilding Discovery Order
56, 0, Human, 0, 0, 0, Rebuilding Discovery Order
56, 1, Human, 0, 0, 0, Rebuilding Discovery Order
56, 2, Human, 0, 0, 0, Rebuilding Discovery Order
56, 3, Human, 0, 0, 0, Rebuilding Discovery Order
56, 4, Human, 0, 0, 0, Rebuilding Discovery Order
56, 5, AI, 0, 0, 0, Rebuilding Discovery Order
56, 6, AI, 0, 0, 0, Rebuilding Discovery Order
56, 7, AI, 0, 0, 0, Rebuilding Discovery Order
56, 8, AI, 0, 0, 0, Rebuilding Discovery Order
56, 9, AI, 0, 0, 0, Rebuilding Discovery Order
57, 0, Human, 0, 0, 0, Rebuilding Discovery Order
57, 1, Human, 0, 0, 0, Rebuilding Discovery Order
57, 2, Human, 0, 0, 0, Rebuilding Discovery Order
57, 3, Human, 0, 0, 0, Rebuilding Discovery Order
57, 4, Human, 0, 0, 0, Rebuilding Discovery Order
57, 5, AI, 0, 0, 0, Rebuilding Discovery Order
57, 6, AI, 0, 0, 0, Rebuilding Discovery Order
57, 7, AI, 0, 0, 0, Rebuilding Discovery Order
57, 8, AI, 0, 0, 0, Rebuilding Discovery Order
57, 9, AI, 0, 0, 0, Rebuilding Discovery Order
58, 0, Human, 0, 0, 0, Rebuilding Discovery Order
58, 1, Human, 0, 0, 0, Rebuilding Discovery Order
58, 2, Human, 0, 0, 0, Rebuilding Discovery Order
58, 3, Human, 0, 0, 0, Rebuilding Discovery Order
58, 4, Human, 0, 0, 0, Rebuilding Discovery Order
58, 5, AI, 0, 0, 0, Rebuilding Discovery Order
58, 6, AI, 0, 0, 0, Rebuilding Discovery Order
58, 7, AI, 0, 0, 0, Rebuilding Discovery Order
58, 8, AI, 0, 0, 0, Rebuilding Discovery Order
58, 9, AI, 0, 0, 0, Rebuilding Discovery Order
58, 0, Human, 0, 0, 0, Rebuilding Discovery Order
58, 1, Human, 0, 0, 0, Rebuilding Discovery Order
58, 2, Human, 0, 0, 0, Rebuilding Discovery Order
58, 3, Human, 0, 0, 0, Rebuilding Discovery Order
58, 4, AI, 0, 0, 0, Rebuilding Discovery Order
58, 5, AI, 0, 0, 0, Rebuilding Discovery Order
58, 6, AI, 0, 0, 0, Rebuilding Discovery Order
58, 7, AI, 0, 0, 0, Rebuilding Discovery Order
58, 8, AI, 0, 0, 0, Rebuilding Discovery Order
58, 9, AI, 0, 0, 0, Rebuilding Discovery Order
59, 0, Human, 0, 0, 0, Rebuilding Discovery Order
59, 1, Human, 0, 0, 0, Rebuilding Discovery Order
59, 2, Human, 0, 0, 0, Rebuilding Discovery Order
59, 3, Human, 0, 0, 0, Rebuilding Discovery Order
59, 4, AI, 0, 0, 0, Rebuilding Discovery Order
59, 5, AI, 0, 0, 0, Rebuilding Discovery Order
59, 6, AI, 0, 0, 0, Rebuilding Discovery Order
59, 7, AI, 0, 0, 0, Rebuilding Discovery Order
59, 8, AI, 0, 0, 0, Rebuilding Discovery Order
59, 9, AI, 0, 0, 0, Rebuilding Discovery Order
