Game Turn, Player, City, Food Adv., Prod. Adv., Construct, Order Source
1, 4, LOC_CITY_NAME_TENOCHTITLAN, 1.64, -1.84, , YIELD_FOOD: 0.1, YIELD_PRODUCTION: -0.1, YIELD_GOLD: 0.0, YIELD_SCIENCE: 0.0, YIELD_CULTURE: 0.0, YIELD_FAITH: 0.0, , 
1, 4, LOC_CITY_NAME_TENOCHTITLAN, , , UNIT_SCOUT, Default Specialization, , , Value 34.8
1, 5, LOC_CITY_NAME_MIKISIW_WACIHK, 0.20, -0.21, , YIELD_FOOD: 0.1, YIELD_PRODUCTION: 0.0, YIELD_GOLD: 0.0, YIELD_SCIENCE: -0.1, YIELD_CULTURE: 0.0, YIELD_FAITH: 0.0, , 
1, 5, LOC_CITY_NAME_MIKISIW_WACIHK, , , BUILDING_MONUMENT, Default Specialization, , , Value 28.4
1, 6, LOC_CITY_NAME_NIANI, -6.20, -3.47, , YIELD_FOOD: -0.1, YIELD_PRODUCTION: 0.0, YIELD_GOLD: 0.0, YIELD_SCIENCE: 0.0, YIELD_CULTURE: 0.0, YIELD_FAITH: 0.1, , 
1, 6, LOC_CITY_NAME_NIANI, , , UNIT_SCOUT, Default Specialization, , , Value 34.8
1, 7, LOC_CITY_NAME_XANADU, -0.84, 2.07, , YIELD_FOOD: 0.0, YIELD_PRODUCTION: 0.1, YIELD_GOLD: 0.0, YIELD_SCIENCE: 0.0, YIELD_CULTURE: 0.0, YIELD_FAITH: -0.1, , 
1, 7, LOC_CITY_NAME_XANADU, , , UNIT_SCOUT, Default Specialization, , , Value 28.2
1, 8, LOC_CITY_NAME_KABUL, 0.40, -1.19, , YIELD_FOOD: 0.0, YIELD_PRODUCTION: -0.1, YIELD_GOLD: 0.1, YIELD_SCIENCE: 0.0, YIELD_CULTURE: 0.0, YIELD_FAITH: 0.0, , 
1, 8, LOC_CITY_NAME_KABUL, , , BUILDING_MONUMENT, Default Specialization, , , Value 26.0
1, 9, LOC_CITY_NAME_NAN_MADOL, -5.38, -4.61, , YIELD_FOOD: -0.1, YIELD_PRODUCTION: 0.0, YIELD_GOLD: 0.1, YIELD_SCIENCE: 0.0, YIELD_CULTURE: 0.0, YIELD_FAITH: 0.0, , 
1, 9, LOC_CITY_NAME_NAN_MADOL, , , UNIT_SLINGER, Default Specialization, , , Value 9.1
1, 10, LOC_CITY_NAME_SAMARKAND, -2.28, -2.82, , YIELD_FOOD: 0.0, YIELD_PRODUCTION: -0.1, YIELD_GOLD: 0.1, YIELD_SCIENCE: 0.0, YIELD_CULTURE: 0.0, YIELD_FAITH: 0.0, , 
1, 10, LOC_CITY_NAME_SAMARKAND, , , BUILDING_MONUMENT, Default Specialization, , , Value 26.0
1, 11, LOC_CITY_NAME_GENEVA, -4.34, 2.40, , YIELD_FOOD: -0.1, YIELD_PRODUCTION: 0.0, YIELD_GOLD: 0.1, YIELD_SCIENCE: 0.0, YIELD_CULTURE: 0.0, YIELD_FAITH: 0.0, , 
1, 11, LOC_CITY_NAME_GENEVA, , , BUILDING_MONUMENT, Default Specialization, , , Value 30.6
1, 12, LOC_CITY_NAME_CAGUANA, 0.20, -2.82, , YIELD_FOOD: 0.0, YIELD_PRODUCTION: -0.1, YIELD_GOLD: 0.0, YIELD_SCIENCE: 0.0, YIELD_CULTURE: 0.1, YIELD_FAITH: 0.0, , 
1, 12, LOC_CITY_NAME_CAGUANA, , , BUILDING_MONUMENT, Default Specialization, , , Value 26.0
1, 13, LOC_CITY_NAME_LAHORE, -2.90, -2.00, , YIELD_FOOD: -0.1, YIELD_PRODUCTION: 0.0, YIELD_GOLD: 0.1, YIELD_SCIENCE: 0.0, YIELD_CULTURE: 0.0, YIELD_FAITH: 0.0, , 
1, 13, LOC_CITY_NAME_LAHORE, , , BUILDING_MONUMENT, Default Specialization, , , Value 30.6
1, 14, LOC_CITY_NAME_CHINGUETTI, -0.01, -1.51, , YIELD_FOOD: 0.0, YIELD_PRODUCTION: -0.1, YIELD_GOLD: 0.0, YIELD_SCIENCE: 0.1, YIELD_CULTURE: 0.0, YIELD_FAITH: 0.0, , 
1, 14, LOC_CITY_NAME_CHINGUETTI, , , BUILDING_MONUMENT, Default Specialization, , , Value 26.0
1, 15, LOC_CITY_NAME_HATTUSA, 0.40, -2.17, , YIELD_FOOD: 0.0, YIELD_PRODUCTION: -0.1, YIELD_GOLD: 0.1, YIELD_SCIENCE: 0.0, YIELD_CULTURE: 0.0, YIELD_FAITH: 0.0, , 
1, 15, LOC_CITY_NAME_HATTUSA, , , BUILDING_MONUMENT, Default Specialization, , , Value 26.0
1, 16, LOC_CITY_NAME_BUENOS_AIRES, 1.84, 1.26, , YIELD_FOOD: 0.1, YIELD_PRODUCTION: 0.0, YIELD_GOLD: -0.1, YIELD_SCIENCE: 0.0, YIELD_CULTURE: 0.0, YIELD_FAITH: 0.0, , 
1, 16, LOC_CITY_NAME_BUENOS_AIRES, , , BUILDING_MONUMENT, Default Specialization, , , Value 28.1
1, 17, LOC_CITY_NAME_MEXICO_CITY, -4.55, -2.17, , YIELD_FOOD: -0.1, YIELD_PRODUCTION: 0.0, YIELD_GOLD: 0.1, YIELD_SCIENCE: 0.0, YIELD_CULTURE: 0.0, YIELD_FAITH: 0.0, , 
1, 17, LOC_CITY_NAME_MEXICO_CITY, , , BUILDING_MONUMENT, Default Specialization, , , Value 28.1
1, 2, LOC_CITY_NAME_PATNA, 1.64, 0.93, , YIELD_FOOD: 0.1, YIELD_PRODUCTION: 0.0, YIELD_GOLD: -0.1, YIELD_SCIENCE: 0.0, YIELD_CULTURE: 0.0, YIELD_FAITH: 0.0, , 
1, 1, LOC_CITY_NAME_BABYLON_STK, 1.43, -1.84, , YIELD_FOOD: 0.1, YIELD_PRODUCTION: -0.1, YIELD_GOLD: 0.0, YIELD_SCIENCE: 0.0, YIELD_CULTURE: 0.0, YIELD_FAITH: 0.0, , 
1, 3, LOC_CITY_NAME_MEROE, 0.40, 3.70, , YIELD_FOOD: 0.0, YIELD_PRODUCTION: 0.1, YIELD_GOLD: 0.0, YIELD_SCIENCE: -0.1, YIELD_CULTURE: 0.0, YIELD_FAITH: 0.0, , 
1, 0, LOC_CITY_NAME_PASARGADAE, 1.02, 2.07, , YIELD_FOOD: 0.0, YIELD_PRODUCTION: 0.1, YIELD_GOLD: 0.0, YIELD_SCIENCE: -0.1, YIELD_CULTURE: 0.0, YIELD_FAITH: 0.0, , 
2, 4, LOC_CITY_NAME_TENOCHTITLAN, , CONTRACT 5, SUBMITTED, UNIT_BUILDER, NO_BUILDING, NO_DISTRICT, VALUE 218.0, Build City Improvement
2, 4, LOC_CITY_NAME_TENOCHTITLAN, , CONTRACT 8, SUBMITTED, UNIT_BUILDER, NO_BUILDING, NO_DISTRICT, VALUE 213.0, Build City Improvement
2, 4, LOC_CITY_NAME_TENOCHTITLAN, , CONTRACT 9, SUBMITTED, UNIT_BUILDER, NO_BUILDING, NO_DISTRICT, VALUE 26.0, Build Trigger Unit
2, 5, LOC_CITY_NAME_MIKISIW_WACIHK, , CONTRACT 13, SUBMITTED, UNIT_BUILDER, NO_BUILDING, NO_DISTRICT, VALUE 213.0, Build City Improvement
2, 5, LOC_CITY_NAME_MIKISIW_WACIHK, , CONTRACT 14, SUBMITTED, UNIT_BUILDER, NO_BUILDING, NO_DISTRICT, VALUE 11.0, Build Trigger Unit
2, 6, LOC_CITY_NAME_NIANI, , CONTRACT 17, SUBMITTED, UNIT_BUILDER, NO_BUILDING, NO_DISTRICT, VALUE 213.0, Build City Improvement
2, 6, LOC_CITY_NAME_NIANI, , CONTRACT 18, SUBMITTED, UNIT_BUILDER, NO_BUILDING, NO_DISTRICT, VALUE 11.0, Build Trigger Unit
2, 7, LOC_CITY_NAME_XANADU, , CONTRACT 19, SUBMITTED, UNIT_BUILDER, NO_BUILDING, NO_DISTRICT, VALUE 251.0, Build City Improvement
2, 7, LOC_CITY_NAME_XANADU, , CONTRACT 23, SUBMITTED, UNIT_BUILDER, NO_BUILDING, NO_DISTRICT, VALUE 213.0, Build City Improvement
2, 8, LOC_CITY_NAME_KABUL, , CONTRACT 27, SUBMITTED, UNIT_BUILDER, NO_BUILDING, NO_DISTRICT, VALUE 205.0, Build City Improvement
2, 9, LOC_CITY_NAME_NAN_MADOL, , CONTRACT 30, SUBMITTED, UNIT_BUILDER, NO_BUILDING, NO_DISTRICT, VALUE 213.0, Build City Improvement
2, 10, LOC_CITY_NAME_SAMARKAND, , CONTRACT 33, SUBMITTED, UNIT_BUILDER, NO_BUILDING, NO_DISTRICT, VALUE 213.0, Build City Improvement
2, 11, LOC_CITY_NAME_GENEVA, , CONTRACT 37, SUBMITTED, UNIT_BUILDER, NO_BUILDING, NO_DISTRICT, VALUE 186.0, Build City Improvement
2, 12, LOC_CITY_NAME_CAGUANA, , CONTRACT 40, SUBMITTED, UNIT_BUILDER, NO_BUILDING, NO_DISTRICT, VALUE 225.0, Build City Improvement
2, 13, LOC_CITY_NAME_LAHORE, , CONTRACT 44, SUBMITTED, UNIT_BUILDER, NO_BUILDING, NO_DISTRICT, VALUE 168.0, Build City Improvement
2, 14, LOC_CITY_NAME_CHINGUETTI, , CONTRACT 47, SUBMITTED, UNIT_BUILDER, NO_BUILDING, NO_DISTRICT, VALUE 213.0, Build City Improvement
2, 15, LOC_CITY_NAME_HATTUSA, , CONTRACT 50, SUBMITTED, UNIT_BUILDER, NO_BUILDING, NO_DISTRICT, VALUE 213.0, Build City Improvement
2, 16, LOC_CITY_NAME_BUENOS_AIRES, , CONTRACT 52, SUBMITTED, UNIT_BUILDER, NO_BUILDING, NO_DISTRICT, VALUE 168.0, Build City Improvement
2, 17, LOC_CITY_NAME_MEXICO_CITY, , CONTRACT 55, SUBMITTED, UNIT_BUILDER, NO_BUILDING, NO_DISTRICT, VALUE 213.0, Build City Improvement
3, 4, LOC_CITY_NAME_TENOCHTITLAN, , , UNIT_BUILDER, Build City Improvement, CONTRACT 5
3, 5, LOC_CITY_NAME_MIKISIW_WACIHK, , , UNIT_BUILDER, Build City Improvement, CONTRACT 13
3, 6, LOC_CITY_NAME_NIANI, , , UNIT_BUILDER, Build City Improvement, CONTRACT 17
3, 7, LOC_CITY_NAME_XANADU, , , UNIT_BUILDER, Build City Improvement, CONTRACT 19
3, 8, LOC_CITY_NAME_KABUL, , , UNIT_BUILDER, Build City Improvement, CONTRACT 27
3, 9, LOC_CITY_NAME_NAN_MADOL, , , UNIT_BUILDER, Build City Improvement, CONTRACT 30
3, 10, LOC_CITY_NAME_SAMARKAND, , , UNIT_BUILDER, Build City Improvement, CONTRACT 33
3, 11, LOC_CITY_NAME_GENEVA, , , UNIT_BUILDER, Build City Improvement, CONTRACT 37
3, 12, LOC_CITY_NAME_CAGUANA, , , UNIT_BUILDER, Build City Improvement, CONTRACT 40
3, 13, LOC_CITY_NAME_LAHORE, , , UNIT_BUILDER, Build City Improvement, CONTRACT 44
3, 14, LOC_CITY_NAME_CHINGUETTI, , , UNIT_BUILDER, Build City Improvement, CONTRACT 47
3, 15, LOC_CITY_NAME_HATTUSA, , , UNIT_BUILDER, Build City Improvement, CONTRACT 50
3, 16, LOC_CITY_NAME_BUENOS_AIRES, , , UNIT_BUILDER, Build City Improvement, CONTRACT 52
3, 17, LOC_CITY_NAME_MEXICO_CITY, , , UNIT_BUILDER, Build City Improvement, CONTRACT 55
4, 4, LOC_CITY_NAME_TENOCHTITLAN, , CONTRACT 5, COMPLETED, UNIT_BUILDER, NO_BUILDING, NO_DISTRICT, VALUE 218.0, Build City Improvement
4, 4, LOC_CITY_NAME_TENOCHTITLAN, , , UNIT_BUILDER, Build City Improvement, CONTRACT 8
4, 4, LOC_CITY_NAME_TENOCHTITLAN, , CONTRACT 56, SUBMITTED, NO_UNIT, BUILDING_MONUMENT, NO_DISTRICT, VALUE 42.0, Build City Building
4, 5, LOC_CITY_NAME_MIKISIW_WACIHK, , , UNIT_BUILDER, Build Trigger Unit, CONTRACT 14
4, 6, LOC_CITY_NAME_NIANI, , CONTRACT 17, COMPLETED, UNIT_BUILDER, NO_BUILDING, NO_DISTRICT, VALUE 213.0, Build City Improvement
4, 6, LOC_CITY_NAME_NIANI, , , UNIT_SCOUT, Default Specialization, , , Value 40.2
4, 6, LOC_CITY_NAME_NIANI, , CONTRACT 58, SUBMITTED, NO_UNIT, BUILDING_MONUMENT, NO_DISTRICT, VALUE 40.0, Build City Building
5, 4, LOC_CITY_NAME_TLACOPAN, -0.42, -1.19, , YIELD_FOOD: 0.0, YIELD_PRODUCTION: 0.0, YIELD_GOLD: 0.0, YIELD_SCIENCE: -0.1, YIELD_CULTURE: 0.0, YIELD_FAITH: 0.1, , 
5, 4, LOC_CITY_NAME_TLACOPAN, , , UNIT_SCOUT, Default Specialization, , , Value 19.9
5, 5, LOC_CITY_NAME_MIKISIW_WACIHK, , CONTRACT 14, COMPLETED, UNIT_BUILDER, NO_BUILDING, NO_DISTRICT, VALUE 11.0, Build Trigger Unit
5, 5, LOC_CITY_NAME_MIKISIW_WACIHK, , , BUILDING_MONUMENT, Default Specialization, , , Value 44.2
5, 5, LOC_CITY_NAME_PASKWAW_ASKIHK, 0.40, -1.51, , YIELD_FOOD: 0.0, YIELD_PRODUCTION: -0.1, YIELD_GOLD: 0.0, YIELD_SCIENCE: 0.0, YIELD_CULTURE: 0.1, YIELD_FAITH: 0.0, , 
5, 5, LOC_CITY_NAME_PASKWAW_ASKIHK, , , BUILDING_MONUMENT, Default Specialization, , , Value 8.1
5, 6, LOC_CITY_NAME_NIANI, , , BUILDING_MONUMENT, Build City Building, CONTRACT 58
5, 6, LOC_CITY_NAME_NIANI, , CONTRACT 73, SUBMITTED, UNIT_BUILDER, NO_BUILDING, NO_DISTRICT, VALUE 178.0, Build City Improvement
5, 7, LOC_CITY_NAME_XANADU, , CONTRACT 19, COMPLETED, UNIT_BUILDER, NO_BUILDING, NO_DISTRICT, VALUE 251.0, Build City Improvement
5, 7, LOC_CITY_NAME_XANADU, , , UNIT_BUILDER, Build City Improvement, CONTRACT 23
5, 8, LOC_CITY_NAME_KABUL, , CONTRACT 27, COMPLETED, UNIT_BUILDER, NO_BUILDING, NO_DISTRICT, VALUE 205.0, Build City Improvement
5, 8, LOC_CITY_NAME_KABUL, , , BUILDING_MONUMENT, Default Specialization, , , Value 30.6
5, 11, LOC_CITY_NAME_GENEVA, , CONTRACT 37, COMPLETED, UNIT_BUILDER, NO_BUILDING, NO_DISTRICT, VALUE 186.0, Build City Improvement
5, 11, LOC_CITY_NAME_GENEVA, , , BUILDING_MONUMENT, Default Specialization, , , Value 32.5
5, 13, LOC_CITY_NAME_LAHORE, , CONTRACT 44, COMPLETED, UNIT_BUILDER, NO_BUILDING, NO_DISTRICT, VALUE 168.0, Build City Improvement
5, 13, LOC_CITY_NAME_LAHORE, , , BUILDING_MONUMENT, Default Specialization, , , Value 30.6
5, 16, LOC_CITY_NAME_BUENOS_AIRES, , CONTRACT 52, COMPLETED, UNIT_BUILDER, NO_BUILDING, NO_DISTRICT, VALUE 168.0, Build City Improvement
5, 16, LOC_CITY_NAME_BUENOS_AIRES, , , BUILDING_MONUMENT, Default Specialization, , , Value 30.2
5, 17, LOC_CITY_NAME_MEXICO_CITY, , CONTRACT 55, COMPLETED, UNIT_BUILDER, NO_BUILDING, NO_DISTRICT, VALUE 213.0, Build City Improvement
5, 17, LOC_CITY_NAME_MEXICO_CITY, , , BUILDING_MONUMENT, Default Specialization, , , Value 28.1
6, 4, LOC_CITY_NAME_TENOCHTITLAN, , CONTRACT 8, COMPLETED, UNIT_BUILDER, NO_BUILDING, NO_DISTRICT, VALUE 213.0, Build City Improvement
6, 4, LOC_CITY_NAME_TENOCHTITLAN, , , UNIT_AZTEC_EAGLE_WARRIOR, Default Specialization, , , Value 50.6
6, 5, LOC_CITY_NAME_MIKISIW_WACIHK, , , BUILDING_GRANARY, Default Specialization, , , Value 18.3
6, 10, LOC_CITY_NAME_SAMARKAND, , CONTRACT 33, COMPLETED, UNIT_BUILDER, NO_BUILDING, NO_DISTRICT, VALUE 213.0, Build City Improvement
6, 10, LOC_CITY_NAME_SAMARKAND, , , BUILDING_MONUMENT, Default Specialization, , , Value 26.0
6, 12, LOC_CITY_NAME_CAGUANA, , CONTRACT 40, COMPLETED, UNIT_BUILDER, NO_BUILDING, NO_DISTRICT, VALUE 225.0, Build City Improvement
6, 12, LOC_CITY_NAME_CAGUANA, , , BUILDING_MONUMENT, Default Specialization, , , Value 24.2
6, 14, LOC_CITY_NAME_CHINGUETTI, , CONTRACT 47, COMPLETED, UNIT_BUILDER, NO_BUILDING, NO_DISTRICT, VALUE 213.0, Build City Improvement
6, 14, LOC_CITY_NAME_CHINGUETTI, , , BUILDING_MONUMENT, Default Specialization, , , Value 26.7
6, 15, LOC_CITY_NAME_HATTUSA, , CONTRACT 50, COMPLETED, UNIT_BUILDER, NO_BUILDING, NO_DISTRICT, VALUE 213.0, Build City Improvement
6, 15, LOC_CITY_NAME_HATTUSA, , , BUILDING_GRANARY, Default Specialization, , , Value 39.5
7, 4, LOC_CITY_NAME_TENOCHTITLAN, , CONTRACT 93, SUBMITTED, UNIT_BUILDER, NO_BUILDING, NO_DISTRICT, VALUE 244.0, Build City Improvement
7, 4, LOC_CITY_NAME_TLACOPAN, , CONTRACT 93, SUBMITTED, UNIT_BUILDER, NO_BUILDING, NO_DISTRICT, VALUE 244.0, Build City Improvement
7, 6, LOC_CITY_NAME_NIANI, , CONTRACT 58, COMPLETED, NO_UNIT, BUILDING_MONUMENT, NO_DISTRICT, VALUE 44.2, Build City Building
7, 6, LOC_CITY_NAME_NIANI, , , UNIT_BUILDER, Build City Improvement, CONTRACT 73
7, 7, LOC_CITY_NAME_XANADU, , , BUILDING_MONUMENT, Default Specialization, , , Value 42.3
7, 9, LOC_CITY_NAME_NAN_MADOL, , CONTRACT 30, COMPLETED, UNIT_BUILDER, NO_BUILDING, NO_DISTRICT, VALUE 213.0, Build City Improvement
7, 9, LOC_CITY_NAME_NAN_MADOL, , , BUILDING_MONUMENT, Default Specialization, , , Value 18.9
8, 4, LOC_CITY_NAME_TENOCHTITLAN, , CONTRACT 56, ACCEPTED, NO_UNIT, BUILDING_MONUMENT, NO_DISTRICT, VALUE 42.3, Build City Building
8, 4, LOC_CITY_NAME_TENOCHTITLAN, , , UNIT_BUILDER, Build City Improvement, CONTRACT 93
8, 4, LOC_CITY_NAME_TLACOPAN, , CONTRACT 97, SUBMITTED, NO_UNIT, BUILDING_OLD_GOD_OBELISK, NO_DISTRICT, VALUE 124.0, Build City Building
8, 5, LOC_CITY_NAME_MIKISIW_WACIHK, , , UNIT_CREE_OKIHTCITAW, Default Specialization, , , Value 16.2
8, 5, LOC_CITY_NAME_PASKWAW_ASKIHK, , CONTRACT 98, SUBMITTED, NO_UNIT, BUILDING_GRANARY, NO_DISTRICT, VALUE 54.0, Build City Building
8, 6, LOC_CITY_NAME_NIANI, , CONTRACT 73, COMPLETED, UNIT_BUILDER, NO_BUILDING, NO_DISTRICT, VALUE 178.0, Build City Improvement
8, 6, LOC_CITY_NAME_NIANI, , , BUILDING_GRANARY, Default Specialization, , , Value 19.3
9, 4, LOC_CITY_NAME_TLACOPAN, , CONTRACT 93, IN PROGRESS, UNIT_BUILDER, NO_BUILDING, NO_DISTRICT, VALUE 244.0, Build City Improvement
9, 4, LOC_CITY_NAME_TLACOPAN, , , BUILDING_OLD_GOD_OBELISK, Build City Building, CONTRACT 97
9, 7, LOC_CITY_NAME_XANADU, , , BUILDING_GRANARY, Default Specialization, , , Value 42.2
1, 5, LOC_CITY_NAME_PELLA, -1.28, 1.43, , YIELD_FOOD: 0.0, YIELD_PRODUCTION: 0.1, YIELD_GOLD: -0.1, YIELD_SCIENCE: 0.0, YIELD_CULTURE: 0.0, YIELD_FAITH: 0.0, , 
1, 5, LOC_CITY_NAME_PELLA, , , UNIT_SCOUT, Default Specialization, , , Value 33.1
1, 6, LOC_CITY_NAME_RIO_DE_JANEIRO, 2.10, -1.21, , YIELD_FOOD: 0.1, YIELD_PRODUCTION: 0.0, YIELD_GOLD: 0.0, YIELD_SCIENCE: -0.1, YIELD_CULTURE: 0.0, YIELD_FAITH: 0.0, , 
1, 6, LOC_CITY_NAME_RIO_DE_JANEIRO, , , UNIT_SCOUT, Default Specialization, , , Value 33.1
1, 7, LOC_CITY_NAME_AACHEN, 1.62, -1.36, , YIELD_FOOD: 0.1, YIELD_PRODUCTION: 0.0, YIELD_GOLD: -0.1, YIELD_SCIENCE: 0.0, YIELD_CULTURE: 0.0, YIELD_FAITH: 0.0, , 
1, 7, LOC_CITY_NAME_AACHEN, , , UNIT_SCOUT, Default Specialization, , , Value 33.1
1, 8, LOC_CITY_HA_NOI, -2.01, 2.75, , YIELD_FOOD: -0.1, YIELD_PRODUCTION: 0.1, YIELD_GOLD: 0.0, YIELD_SCIENCE: 0.0, YIELD_CULTURE: 0.0, YIELD_FAITH: 0.0, , 
1, 8, LOC_CITY_HA_NOI, , , UNIT_SCOUT, Default Specialization, , , Value 36.6
1, 9, LOC_CITY_NAME_ROME, -3.94, 2.31, , YIELD_FOOD: -0.1, YIELD_PRODUCTION: 0.1, YIELD_GOLD: 0.0, YIELD_SCIENCE: 0.0, YIELD_CULTURE: 0.0, YIELD_FAITH: 0.0, , 
1, 9, LOC_CITY_NAME_ROME, , , UNIT_SCOUT, Default Specialization, , , Value 36.6
1, 10, LOC_CITY_NAME_BABYLON, 0.17, -1.21, , YIELD_FOOD: 0.0, YIELD_PRODUCTION: -0.1, YIELD_GOLD: 0.1, YIELD_SCIENCE: 0.0, YIELD_CULTURE: 0.0, YIELD_FAITH: 0.0, , 
1, 10, LOC_CITY_NAME_BABYLON, , , BUILDING_MONUMENT, Default Specialization, , , Value 30.6
1, 11, LOC_CITY_NAME_JERUSALEM, -1.77, -5.19, , YIELD_FOOD: 0.0, YIELD_PRODUCTION: -0.1, YIELD_GOLD: 0.1, YIELD_SCIENCE: 0.0, YIELD_CULTURE: 0.0, YIELD_FAITH: 0.0, , 
1, 11, LOC_CITY_NAME_JERUSALEM, , , BUILDING_MONUMENT, Default Specialization, , , Value 26.0
1, 12, LOC_CITY_NAME_HATTUSA, -0.80, 4.08, , YIELD_FOOD: 0.0, YIELD_PRODUCTION: 0.1, YIELD_GOLD: -0.1, YIELD_SCIENCE: 0.0, YIELD_CULTURE: 0.0, YIELD_FAITH: 0.0, , 
1, 12, LOC_CITY_NAME_HATTUSA, , , BUILDING_MONUMENT, Default Specialization, , , Value 26.0
1, 13, LOC_CITY_NAME_JOHANNESBURG, -5.64, -5.63, , YIELD_FOOD: -0.1, YIELD_PRODUCTION: 0.0, YIELD_GOLD: 0.1, YIELD_SCIENCE: 0.0, YIELD_CULTURE: 0.0, YIELD_FAITH: 0.0, , 
1, 13, LOC_CITY_NAME_JOHANNESBURG, , , BUILDING_MONUMENT, Default Specialization, , , Value 18.9
1, 14, LOC_CITY_NAME_LISBON, -3.94, -3.72, , YIELD_FOOD: -0.1, YIELD_PRODUCTION: 0.0, YIELD_GOLD: 0.1, YIELD_SCIENCE: 0.0, YIELD_CULTURE: 0.0, YIELD_FAITH: 0.0, , 
1, 14, LOC_CITY_NAME_LISBON, , , BUILDING_MONUMENT, Default Specialization, , , Value 28.1
1, 15, LOC_CITY_NAME_VATICAN_CITY, 0.65, -0.77, , YIELD_FOOD: 0.0, YIELD_PRODUCTION: 0.0, YIELD_GOLD: 0.0, YIELD_SCIENCE: 0.1, YIELD_CULTURE: -0.1, YIELD_FAITH: 0.0, , 
1, 15, LOC_CITY_NAME_VATICAN_CITY, , , BUILDING_MONUMENT, Default Specialization, , , Value 26.0
1, 16, LOC_CITY_NAME_VILNIUS, -2.49, -1.21, , YIELD_FOOD: -0.1, YIELD_PRODUCTION: 0.0, YIELD_GOLD: 0.0, YIELD_SCIENCE: 0.1, YIELD_CULTURE: 0.0, YIELD_FAITH: 0.0, , 
1, 16, LOC_CITY_NAME_VILNIUS, , , BUILDING_MONUMENT, Default Specialization, , , Value 26.0
1, 17, LOC_CITY_NAME_YEREVAN, -0.31, 0.25, , YIELD_FOOD: 0.0, YIELD_PRODUCTION: 0.0, YIELD_GOLD: -0.1, YIELD_SCIENCE: 0.1, YIELD_CULTURE: 0.0, YIELD_FAITH: 0.0, , 
1, 17, LOC_CITY_NAME_YEREVAN, , , BUILDING_MONUMENT, Default Specialization, , , Value 28.1
1, 18, LOC_CITY_NAME_BUENOS_AIRES, -0.55, -1.51, , YIELD_FOOD: 0.0, YIELD_PRODUCTION: -0.1, YIELD_GOLD: 0.0, YIELD_SCIENCE: 0.1, YIELD_CULTURE: 0.0, YIELD_FAITH: 0.0, , 
1, 18, LOC_CITY_NAME_BUENOS_AIRES, , , BUILDING_MONUMENT, Default Specialization, , , Value 18.9
1, 19, LOC_CITY_NAME_FEZ, -1.52, -3.87, , YIELD_FOOD: 0.0, YIELD_PRODUCTION: -0.1, YIELD_GOLD: 0.1, YIELD_SCIENCE: 0.0, YIELD_CULTURE: 0.0, YIELD_FAITH: 0.0, , 
1, 19, LOC_CITY_NAME_FEZ, , , BUILDING_MONUMENT, Default Specialization, , , Value 28.1
1, 20, LOC_CITY_NAME_KUMASI, -2.25, -1.07, , YIELD_FOOD: -0.1, YIELD_PRODUCTION: 0.0, YIELD_GOLD: 0.0, YIELD_SCIENCE: 0.1, YIELD_CULTURE: 0.0, YIELD_FAITH: 0.0, , 
1, 20, LOC_CITY_NAME_KUMASI, , , BUILDING_MONUMENT, Default Specialization, , , Value 26.0
1, 0, LOC_CITY_NAME_RA_KEDET, 0.17, -2.54, , YIELD_FOOD: 0.1, YIELD_PRODUCTION: -0.1, YIELD_GOLD: 0.0, YIELD_SCIENCE: 0.0, YIELD_CULTURE: 0.0, YIELD_FAITH: 0.0, , 
1, 3, LOC_CITY_NAME_NIANI, -4.91, -5.04, , YIELD_FOOD: 0.0, YIELD_PRODUCTION: -0.1, YIELD_GOLD: 0.0, YIELD_SCIENCE: 0.0, YIELD_CULTURE: 0.0, YIELD_FAITH: 0.1, , 
1, 2, LOC_CITY_NAME_PATNA, -2.01, 0.84, , YIELD_FOOD: -0.1, YIELD_PRODUCTION: 0.0, YIELD_GOLD: 0.0, YIELD_SCIENCE: 0.0, YIELD_CULTURE: 0.1, YIELD_FAITH: 0.0, , 
1, 4, LOC_CITY_NAME_MEROE, 0.65, 0.99, , YIELD_FOOD: 0.0, YIELD_PRODUCTION: 0.1, YIELD_GOLD: -0.1, YIELD_SCIENCE: 0.0, YIELD_CULTURE: 0.0, YIELD_FAITH: 0.0, , 
1, 1, LOC_CITY_NAME_BABYLON_STK, -0.55, 1.87, , YIELD_FOOD: 0.0, YIELD_PRODUCTION: 0.0, YIELD_GOLD: -0.1, YIELD_SCIENCE: 0.0, YIELD_CULTURE: 0.1, YIELD_FAITH: 0.0, , 
2, 5, LOC_CITY_NAME_PELLA, , CONTRACT 6, SUBMITTED, UNIT_BUILDER, NO_BUILDING, NO_DISTRICT, VALUE 228.0, Build City Improvement
2, 5, LOC_CITY_NAME_PELLA, , CONTRACT 10, SUBMITTED, UNIT_BUILDER, NO_BUILDING, NO_DISTRICT, VALUE 222.0, Build City Improvement
2, 5, LOC_CITY_NAME_PELLA, , CONTRACT 11, SUBMITTED, UNIT_BUILDER, NO_BUILDING, NO_DISTRICT, VALUE 11.0, Build Trigger Unit
2, 6, LOC_CITY_NAME_RIO_DE_JANEIRO, , CONTRACT 14, SUBMITTED, UNIT_BUILDER, NO_BUILDING, NO_DISTRICT, VALUE 213.0, Build City Improvement
2, 7, LOC_CITY_NAME_AACHEN, , CONTRACT 17, SUBMITTED, UNIT_BUILDER, NO_BUILDING, NO_DISTRICT, VALUE 213.0, Build City Improvement
2, 7, LOC_CITY_NAME_AACHEN, , CONTRACT 18, SUBMITTED, UNIT_BUILDER, NO_BUILDING, NO_DISTRICT, VALUE 11.0, Build Trigger Unit
2, 8, LOC_CITY_HA_NOI, , CONTRACT 21, SUBMITTED, UNIT_BUILDER, NO_BUILDING, NO_DISTRICT, VALUE 172.0, Build City Improvement
2, 8, LOC_CITY_HA_NOI, , CONTRACT 22, SUBMITTED, UNIT_BUILDER, NO_BUILDING, NO_DISTRICT, VALUE 11.0, Build Trigger Unit
2, 9, LOC_CITY_NAME_ROME, , CONTRACT 23, SUBMITTED, UNIT_BUILDER, NO_BUILDING, NO_DISTRICT, VALUE 222.0, Build City Improvement
2, 9, LOC_CITY_NAME_ROME, , CONTRACT 27, SUBMITTED, UNIT_BUILDER, NO_BUILDING, NO_DISTRICT, VALUE 11.0, Build Trigger Unit
2, 10, LOC_CITY_NAME_BABYLON, , CONTRACT 30, SUBMITTED, UNIT_BUILDER, NO_BUILDING, NO_DISTRICT, VALUE 213.0, Build City Improvement
2, 11, LOC_CITY_NAME_JERUSALEM, , CONTRACT 33, SUBMITTED, UNIT_BUILDER, NO_BUILDING, NO_DISTRICT, VALUE 213.0, Build City Improvement
2, 12, LOC_CITY_NAME_HATTUSA, , CONTRACT 36, SUBMITTED, UNIT_BUILDER, NO_BUILDING, NO_DISTRICT, VALUE 184.0, Build City Improvement
2, 13, LOC_CITY_NAME_JOHANNESBURG, , CONTRACT 39, SUBMITTED, UNIT_BUILDER, NO_BUILDING, NO_DISTRICT, VALUE 213.0, Build City Improvement
2, 14, LOC_CITY_NAME_LISBON, , CONTRACT 42, SUBMITTED, UNIT_BUILDER, NO_BUILDING, NO_DISTRICT, VALUE 205.0, Build City Improvement
2, 15, LOC_CITY_NAME_VATICAN_CITY, , CONTRACT 46, SUBMITTED, UNIT_BUILDER, NO_BUILDING, NO_DISTRICT, VALUE 213.0, Build City Improvement
2, 16, LOC_CITY_NAME_VILNIUS, , CONTRACT 50, SUBMITTED, UNIT_BUILDER, NO_BUILDING, NO_DISTRICT, VALUE 213.0, Build City Improvement
2, 17, LOC_CITY_NAME_YEREVAN, , CONTRACT 54, SUBMITTED, UNIT_BUILDER, NO_BUILDING, NO_DISTRICT, VALUE 213.0, Build City Improvement
2, 18, LOC_CITY_NAME_BUENOS_AIRES, , CONTRACT 56, SUBMITTED, UNIT_BUILDER, NO_BUILDING, NO_DISTRICT, VALUE 213.0, Build City Improvement
2, 19, LOC_CITY_NAME_FEZ, , CONTRACT 59, SUBMITTED, UNIT_BUILDER, NO_BUILDING, NO_DISTRICT, VALUE 213.0, Build City Improvement
2, 20, LOC_CITY_NAME_KUMASI, , CONTRACT 61, SUBMITTED, UNIT_BUILDER, NO_BUILDING, NO_DISTRICT, VALUE 195.0, Build City Improvement
3, 5, LOC_CITY_NAME_PELLA, , , UNIT_BUILDER, Build City Improvement, CONTRACT 6
3, 6, LOC_CITY_NAME_RIO_DE_JANEIRO, , , UNIT_BUILDER, Build City Improvement, CONTRACT 14
3, 7, LOC_CITY_NAME_AACHEN, , , UNIT_BUILDER, Build City Improvement, CONTRACT 17
3, 8, LOC_CITY_HA_NOI, , , UNIT_BUILDER, Build City Improvement, CONTRACT 21
3, 9, LOC_CITY_NAME_ROME, , , UNIT_BUILDER, Build City Improvement, CONTRACT 23
3, 10, LOC_CITY_NAME_BABYLON, , , UNIT_BUILDER, Build City Improvement, CONTRACT 30
3, 11, LOC_CITY_NAME_JERUSALEM, , , UNIT_BUILDER, Build City Improvement, CONTRACT 33
3, 12, LOC_CITY_NAME_HATTUSA, , , UNIT_BUILDER, Build City Improvement, CONTRACT 36
3, 13, LOC_CITY_NAME_JOHANNESBURG, , , UNIT_BUILDER, Build City Improvement, CONTRACT 39
3, 14, LOC_CITY_NAME_LISBON, , , UNIT_BUILDER, Build City Improvement, CONTRACT 42
3, 15, LOC_CITY_NAME_VATICAN_CITY, , , UNIT_BUILDER, Build City Improvement, CONTRACT 46
3, 16, LOC_CITY_NAME_VILNIUS, , , UNIT_BUILDER, Build City Improvement, CONTRACT 50
3, 17, LOC_CITY_NAME_YEREVAN, , , UNIT_BUILDER, Build City Improvement, CONTRACT 54
3, 18, LOC_CITY_NAME_BUENOS_AIRES, , , UNIT_BUILDER, Build City Improvement, CONTRACT 56
3, 19, LOC_CITY_NAME_FEZ, , , UNIT_BUILDER, Build City Improvement, CONTRACT 59
3, 20, LOC_CITY_NAME_KUMASI, , , UNIT_BUILDER, Build City Improvement, CONTRACT 61
4, 6, LOC_CITY_NAME_RIO_DE_JANEIRO, , CONTRACT 14, COMPLETED, UNIT_BUILDER, NO_BUILDING, NO_DISTRICT, VALUE 213.0, Build City Improvement
4, 6, LOC_CITY_NAME_RIO_DE_JANEIRO, , , BUILDING_MONUMENT, Default Specialization, , , Value 42.3
4, 6, LOC_CITY_NAME_RIO_DE_JANEIRO, , CONTRACT 63, SUBMITTED, NO_UNIT, BUILDING_MONUMENT, NO_DISTRICT, VALUE 42.0, Build City Building
4, 7, LOC_CITY_NAME_AACHEN, , CONTRACT 17, COMPLETED, UNIT_BUILDER, NO_BUILDING, NO_DISTRICT, VALUE 213.0, Build City Improvement
4, 7, LOC_CITY_NAME_AACHEN, , , BUILDING_MONUMENT, Default Specialization, , , Value 42.3
4, 7, LOC_CITY_NAME_AACHEN, , CONTRACT 64, SUBMITTED, NO_UNIT, BUILDING_MONUMENT, NO_DISTRICT, VALUE 42.0, Build City Building
4, 8, LOC_CITY_HA_NOI, , CONTRACT 21, COMPLETED, UNIT_BUILDER, NO_BUILDING, NO_DISTRICT, VALUE 172.0, Build City Improvement
4, 8, LOC_CITY_HA_NOI, , , BUILDING_MONUMENT, Default Specialization, , , Value 42.3
4, 8, LOC_CITY_HA_NOI, , , UNIT_SCOUT, Default Specialization, , , Value 40.2
4, 8, LOC_CITY_HA_NOI, , CONTRACT 65, SUBMITTED, NO_UNIT, BUILDING_OLD_GOD_OBELISK, NO_DISTRICT, VALUE 42.0, Build City Building
4, 9, LOC_CITY_NAME_ROME, , CONTRACT 23, COMPLETED, UNIT_BUILDER, NO_BUILDING, NO_DISTRICT, VALUE 222.0, Build City Improvement
4, 9, LOC_CITY_NAME_ROME, , , BUILDING_MONUMENT, Default Specialization, , , Value 42.3
4, 9, LOC_CITY_NAME_ROME, , CONTRACT 66, SUBMITTED, NO_UNIT, BUILDING_MONUMENT, NO_DISTRICT, VALUE 42.0, Build City Building
4, 21, LOC_CITY_NAME_PRESLAV, 1.86, 2.16, , YIELD_FOOD: 0.0, YIELD_PRODUCTION: 0.1, YIELD_GOLD: -0.1, YIELD_SCIENCE: 0.0, YIELD_CULTURE: 0.0, YIELD_FAITH: 0.0, , 
4, 21, LOC_CITY_NAME_PRESLAV, , , BUILDING_MONUMENT, Default Specialization, , , Value 28.1
5, 5, LOC_CITY_NAME_PELLA, , CONTRACT 6, COMPLETED, UNIT_BUILDER, NO_BUILDING, NO_DISTRICT, VALUE 228.0, Build City Improvement
5, 5, LOC_CITY_NAME_PELLA, , , UNIT_BUILDER, Build City Improvement, CONTRACT 10
5, 8, LOC_CITY_HA_NOI, , , BUILDING_OLD_GOD_OBELISK, Build City Building, CONTRACT 65
5, 8, LOC_CITY_HUE, 0.41, 0.11, , YIELD_FOOD: 0.0, YIELD_PRODUCTION: 0.0, YIELD_GOLD: -0.1, YIELD_SCIENCE: 0.0, YIELD_CULTURE: 0.0, YIELD_FAITH: 0.1, , 
5, 8, LOC_CITY_HUE, , , BUILDING_OLD_GOD_OBELISK, Default Specialization, , , Value 123.3
5, 9, LOC_CITY_NAME_ROME, , CONTRACT 66, ACCEPTED, NO_UNIT, BUILDING_MONUMENT, NO_DISTRICT, VALUE 42.0, Build City Building
5, 9, LOC_CITY_NAME_ROME, , , UNIT_SCOUT, Default Specialization, , , Value 24.5
5, 10, LOC_CITY_NAME_BABYLON, , CONTRACT 30, COMPLETED, UNIT_BUILDER, NO_BUILDING, NO_DISTRICT, VALUE 213.0, Build City Improvement
5, 10, LOC_CITY_NAME_BABYLON, , , BUILDING_MONUMENT, Default Specialization, , , Value 30.6
5, 12, LOC_CITY_NAME_HATTUSA, , CONTRACT 36, COMPLETED, UNIT_BUILDER, NO_BUILDING, NO_DISTRICT, VALUE 184.0, Build City Improvement
5, 12, LOC_CITY_NAME_HATTUSA, , , BUILDING_MONUMENT, Default Specialization, , , Value 28.1
5, 14, LOC_CITY_NAME_LISBON, , CONTRACT 42, COMPLETED, UNIT_BUILDER, NO_BUILDING, NO_DISTRICT, VALUE 205.0, Build City Improvement
5, 14, LOC_CITY_NAME_LISBON, , , BUILDING_MONUMENT, Default Specialization, , , Value 26.7
5, 15, LOC_CITY_NAME_VATICAN_CITY, , CONTRACT 46, COMPLETED, UNIT_BUILDER, NO_BUILDING, NO_DISTRICT, VALUE 213.0, Build City Improvement
5, 15, LOC_CITY_NAME_VATICAN_CITY, , , BUILDING_MONUMENT, Default Specialization, , , Value 30.2
5, 17, LOC_CITY_NAME_YEREVAN, , CONTRACT 54, COMPLETED, UNIT_BUILDER, NO_BUILDING, NO_DISTRICT, VALUE 213.0, Build City Improvement
5, 17, LOC_CITY_NAME_YEREVAN, , , BUILDING_MONUMENT, Default Specialization, , , Value 30.2
5, 19, LOC_CITY_NAME_FEZ, , CONTRACT 59, COMPLETED, UNIT_BUILDER, NO_BUILDING, NO_DISTRICT, VALUE 213.0, Build City Improvement
5, 19, LOC_CITY_NAME_FEZ, , , BUILDING_MONUMENT, Default Specialization, , , Value 28.1
5, 20, LOC_CITY_NAME_KUMASI, , CONTRACT 61, COMPLETED, UNIT_BUILDER, NO_BUILDING, NO_DISTRICT, VALUE 195.0, Build City Improvement
5, 20, LOC_CITY_NAME_KUMASI, , , BUILDING_MONUMENT, Default Specialization, , , Value 26.0
5, 21, LOC_CITY_NAME_PRESLAV, , CONTRACT 89, SUBMITTED, UNIT_BUILDER, NO_BUILDING, NO_DISTRICT, VALUE 184.0, Build City Improvement
6, 5, LOC_CITY_NAME_PELLA, , CONTRACT 10, COMPLETED, UNIT_BUILDER, NO_BUILDING, NO_DISTRICT, VALUE 222.0, Build City Improvement
6, 5, LOC_CITY_NAME_PELLA, , , BUILDING_MONUMENT, Default Specialization, , , Value 42.3
6, 5, LOC_CITY_NAME_ALEXANDRIA_TROAS, 0.65, -1.07, , YIELD_FOOD: 0.1, YIELD_PRODUCTION: 0.0, YIELD_GOLD: -0.1, YIELD_SCIENCE: 0.0, YIELD_CULTURE: 0.0, YIELD_FAITH: 0.0, , 
6, 5, LOC_CITY_NAME_ALEXANDRIA_TROAS, , , UNIT_SCOUT, Default Specialization, , , Value 28.2
6, 5, LOC_CITY_NAME_PELLA, , CONTRACT 90, SUBMITTED, NO_UNIT, BUILDING_MONUMENT, NO_DISTRICT, VALUE 42.0, Build City Building
6, 6, LOC_CITY_NAME_RIO_DE_JANEIRO, , CONTRACT 63, ACCEPTED, NO_UNIT, BUILDING_MONUMENT, NO_DISTRICT, VALUE 42.0, Build City Building
6, 6, LOC_CITY_NAME_RIO_DE_JANEIRO, , , UNIT_SCOUT, Default Specialization, , , Value 40.2
6, 6, LOC_CITY_NAME_SAO_PAULO, -0.07, -1.66, , YIELD_FOOD: 0.0, YIELD_PRODUCTION: -0.1, YIELD_GOLD: 0.0, YIELD_SCIENCE: 0.0, YIELD_CULTURE: 0.0, YIELD_FAITH: 0.1, , 
6, 6, LOC_CITY_NAME_SAO_PAULO, , , UNIT_SCOUT, Default Specialization, , , Value 33.1
6, 7, LOC_CITY_NAME_AACHEN, , CONTRACT 64, ACCEPTED, NO_UNIT, BUILDING_MONUMENT, NO_DISTRICT, VALUE 42.0, Build City Building
6, 7, LOC_CITY_NAME_AACHEN, , , BUILDING_GRANARY, Default Specialization, , , Value 31.5
6, 8, LOC_CITY_HA_NOI, , CONTRACT 65, COMPLETED, NO_UNIT, BUILDING_OLD_GOD_OBELISK, NO_DISTRICT, VALUE 253.6, Build City Building
6, 8, LOC_CITY_HA_NOI, , , BUILDING_GRANARY, Default Specialization, , , Value 19.3
6, 8, LOC_CITY_HA_NOI, , CONTRACT 94, SUBMITTED, UNIT_BUILDER, NO_BUILDING, NO_DISTRICT, VALUE 212.0, Build City Improvement
6, 8, LOC_CITY_HUE, , CONTRACT 94, SUBMITTED, UNIT_BUILDER, NO_BUILDING, NO_DISTRICT, VALUE 212.0, Build City Improvement
6, 9, LOC_CITY_NAME_ROME, , , BUILDING_OLD_GOD_OBELISK, Default Specialization, , , Value 125.5
6, 11, LOC_CITY_NAME_JERUSALEM, , CONTRACT 33, COMPLETED, UNIT_BUILDER, NO_BUILDING, NO_DISTRICT, VALUE 213.0, Build City Improvement
6, 11, LOC_CITY_NAME_JERUSALEM, , , BUILDING_MONUMENT, Default Specialization, , , Value 24.2
6, 13, LOC_CITY_NAME_JOHANNESBURG, , CONTRACT 39, COMPLETED, UNIT_BUILDER, NO_BUILDING, NO_DISTRICT, VALUE 213.0, Build City Improvement
6, 13, LOC_CITY_NAME_JOHANNESBURG, , , BUILDING_MONUMENT, Default Specialization, , , Value 24.0
6, 16, LOC_CITY_NAME_VILNIUS, , CONTRACT 50, COMPLETED, UNIT_BUILDER, NO_BUILDING, NO_DISTRICT, VALUE 213.0, Build City Improvement
6, 16, LOC_CITY_NAME_VILNIUS, , , BUILDING_MONUMENT, Default Specialization, , , Value 26.7
6, 18, LOC_CITY_NAME_BUENOS_AIRES, , CONTRACT 56, COMPLETED, UNIT_BUILDER, NO_BUILDING, NO_DISTRICT, VALUE 213.0, Build City Improvement
6, 18, LOC_CITY_NAME_BUENOS_AIRES, , , BUILDING_MONUMENT, Default Specialization, , , Value 24.0
6, 21, LOC_CITY_NAME_PRESLAV, , , UNIT_BUILDER, Build City Improvement, CONTRACT 89
7, 6, LOC_CITY_NAME_RIO_DE_JANEIRO, , , BUILDING_GRANARY, Default Specialization, , , Value 20.1
7, 8, LOC_CITY_HUE, , , UNIT_BUILDER, Build City Improvement, CONTRACT 94
7, 8, LOC_CITY_HA_NOI, , CONTRACT 114, SUBMITTED, UNIT_BUILDER, NO_BUILDING, NO_DISTRICT, VALUE 157.0, Build City Improvement
7, 9, LOC_CITY_NAME_ROME, , , BUILDING_GRANARY, Default Specialization, , , Value 19.3
7, 9, LOC_CITY_NAME_ARRETIUM, -0.07, 1.72, , YIELD_FOOD: 0.0, YIELD_PRODUCTION: 0.1, YIELD_GOLD: 0.0, YIELD_SCIENCE: -0.1, YIELD_CULTURE: 0.0, YIELD_FAITH: 0.0, , 
7, 9, LOC_CITY_NAME_ARRETIUM, , , BUILDING_OLD_GOD_OBELISK, Default Specialization, , , Value 112.0
8, 5, LOC_CITY_NAME_PELLA, , CONTRACT 90, ACCEPTED, NO_UNIT, BUILDING_MONUMENT, NO_DISTRICT, VALUE 42.0, Build City Building
8, 5, LOC_CITY_NAME_PELLA, , , BUILDING_GRANARY, Default Specialization, , , Value 30.0
8, 6, LOC_CITY_NAME_RIO_DE_JANEIRO, , , UNIT_WARRIOR, Default Specialization, , , Value 16.4
8, 6, LOC_CITY_NAME_SAO_PAULO, , , BUILDING_MONUMENT, Default Specialization, , , Value 40.1
8, 6, LOC_CITY_NAME_RIO_DE_JANEIRO, , CONTRACT 117, SUBMITTED, UNIT_BUILDER, NO_BUILDING, NO_DISTRICT, VALUE 193.0, Build City Improvement
8, 6, LOC_CITY_NAME_SAO_PAULO, , CONTRACT 117, SUBMITTED, UNIT_BUILDER, NO_BUILDING, NO_DISTRICT, VALUE 193.0, Build City Improvement
8, 6, LOC_CITY_NAME_RIO_DE_JANEIRO, , CONTRACT 118, SUBMITTED, UNIT_BUILDER, NO_BUILDING, NO_DISTRICT, VALUE 186.0, Build City Improvement
8, 6, LOC_CITY_NAME_SAO_PAULO, , CONTRACT 118, SUBMITTED, UNIT_BUILDER, NO_BUILDING, NO_DISTRICT, VALUE 186.0, Build City Improvement
8, 7, LOC_CITY_NAME_AACHEN, , , UNIT_SCOUT, Default Specialization, , , Value 20.1
8, 7, LOC_CITY_NAME_MAGDEBURG, 3.07, -0.92, , YIELD_FOOD: 0.1, YIELD_PRODUCTION: 0.0, YIELD_GOLD: -0.1, YIELD_SCIENCE: 0.0, YIELD_CULTURE: 0.0, YIELD_FAITH: 0.0, , 
8, 7, LOC_CITY_NAME_MAGDEBURG, , , BUILDING_MONUMENT, Default Specialization, , , Value 20.9
8, 8, LOC_CITY_HA_NOI, , , UNIT_BUILDER, Build City Improvement, CONTRACT 114
8, 8, LOC_CITY_HUE, , , BUILDING_OLD_GOD_OBELISK, Default Specialization, , , Value 151.8
8, 8, LOC_CITY_QUANG_TRI, 0.41, 0.25, , YIELD_FOOD: 0.0, YIELD_PRODUCTION: 0.0, YIELD_GOLD: -0.1, YIELD_SCIENCE: 0.0, YIELD_CULTURE: 0.0, YIELD_FAITH: 0.1, , 
8, 8, LOC_CITY_QUANG_TRI, , , BUILDING_OLD_GOD_OBELISK, Default Specialization, , , Value 34.9
8, 8, LOC_CITY_HUE, , CONTRACT 119, SUBMITTED, NO_UNIT, BUILDING_OLD_GOD_OBELISK, NO_DISTRICT, VALUE 151.0, Build City Building
8, 21, LOC_CITY_NAME_PRESLAV, , CONTRACT 89, COMPLETED, UNIT_BUILDER, NO_BUILDING, NO_DISTRICT, VALUE 184.0, Build City Improvement
8, 21, LOC_CITY_NAME_PRESLAV, , , BUILDING_MONUMENT, Default Specialization, , , Value 30.2
9, 5, LOC_CITY_NAME_ALEXANDRIA_TROAS, , , BUILDING_GRANARY, Default Specialization, , , Value 53.7
9, 7, LOC_CITY_NAME_AACHEN, , , UNIT_WARRIOR, Default Specialization, , , Value 19.1
9, 9, LOC_CITY_NAME_ROME, , , UNIT_WARRIOR, Default Specialization, , , Value 17.1
10, 5, LOC_CITY_NAME_PELLA, , , UNIT_WARRIOR, Default Specialization, , , Value 24.1
10, 6, LOC_CITY_NAME_RIO_DE_JANEIRO, , , UNIT_BUILDER, Build City Improvement, CONTRACT 117
10, 6, LOC_CITY_NAME_SAO_PAULO, , CONTRACT 152, SUBMITTED, NO_UNIT, NO_BUILDING, DISTRICT_HOLY_SITE, VALUE 273.0, Build City District
10, 7, LOC_CITY_NAME_AACHEN, , , UNIT_WARRIOR, Default Specialization, , , Value 19.1
10, 7, LOC_CITY_NAME_AACHEN, , CONTRACT 154, SUBMITTED, UNIT_BUILDER, NO_BUILDING, NO_DISTRICT, VALUE 212.0, Build City Improvement
10, 7, LOC_CITY_NAME_MAGDEBURG, , CONTRACT 154, SUBMITTED, UNIT_BUILDER, NO_BUILDING, NO_DISTRICT, VALUE 212.0, Build City Improvement
10, 8, LOC_CITY_HA_NOI, , , UNIT_WARRIOR, Default Specialization, , , Value 39.2
10, 8, LOC_CITY_HUE, , CONTRACT 119, ACCEPTED, NO_UNIT, BUILDING_OLD_GOD_OBELISK, NO_DISTRICT, VALUE 151.0, Build City Building
10, 8, LOC_CITY_HUE, , , UNIT_WARRIOR, Default Specialization, , , Value 37.6
10, 9, LOC_CITY_NAME_ROME, , , UNIT_WARRIOR, Default Specialization, , , Value 19.1
10, 9, LOC_CITY_NAME_ARRETIUM, , , BUILDING_GRANARY, Default Specialization, , , Value 33.6
10, 18, LOC_CITY_NAME_BUENOS_AIRES, , CONTRACT 164, SUBMITTED, UNIT_BUILDER, NO_BUILDING, NO_DISTRICT, VALUE 212.0, Build City Improvement
10, 0, LOC_CITY_NAME_MEMPHIS, 1.62, -2.39, , YIELD_FOOD: 0.1, YIELD_PRODUCTION: -0.1, YIELD_GOLD: 0.0, YIELD_SCIENCE: 0.0, YIELD_CULTURE: 0.0, YIELD_FAITH: 0.0, , 
10, 4, LOC_CITY_NAME_SEDEINGA, -0.55, 1.72, , YIELD_FOOD: 0.0, YIELD_PRODUCTION: 0.1, YIELD_GOLD: 0.0, YIELD_SCIENCE: -0.1, YIELD_CULTURE: 0.0, YIELD_FAITH: 0.0, , 
11, 5, LOC_CITY_NAME_PELLA, , , UNIT_WARRIOR, Default Specialization, , , Value 22.2
11, 6, LOC_CITY_NAME_RIO_DE_JANEIRO, , CONTRACT 117, COMPLETED, UNIT_BUILDER, NO_BUILDING, NO_DISTRICT, VALUE 193.0, Build City Improvement
11, 6, LOC_CITY_NAME_RIO_DE_JANEIRO, , , UNIT_BUILDER, Build City Improvement, CONTRACT 118
11, 6, LOC_CITY_NAME_SAO_PAULO, , CONTRACT 117, COMPLETED, UNIT_BUILDER, NO_BUILDING, NO_DISTRICT, VALUE 193.0, Build City Improvement
11, 6, LOC_CITY_NAME_SAO_PAULO, , CONTRACT 118, IN PROGRESS, UNIT_BUILDER, NO_BUILDING, NO_DISTRICT, VALUE 186.0, Build City Improvement
11, 6, LOC_CITY_NAME_SAO_PAULO, , , DISTRICT_HOLY_SITE, Build City District, CONTRACT 152
11, 7, LOC_CITY_NAME_AACHEN, , , UNIT_BUILDER, Build City Improvement, CONTRACT 154
11, 8, LOC_CITY_HA_NOI, , , UNIT_WARRIOR, Default Specialization, , , Value 20.2
11, 8, LOC_CITY_QUANG_TRI, , CONTRACT 173, SUBMITTED, NO_UNIT, BUILDING_GRANARY, NO_DISTRICT, VALUE 90.0, Build City Building
11, 8, LOC_CITY_HA_NOI, , CONTRACT 175, SUBMITTED, UNIT_TRADER, NO_BUILDING, NO_DISTRICT, VALUE 43.0, Build Trigger Unit
11, 8, LOC_CITY_HUE, , CONTRACT 175, SUBMITTED, UNIT_TRADER, NO_BUILDING, NO_DISTRICT, VALUE 43.0, Build Trigger Unit
11, 8, LOC_CITY_QUANG_TRI, , CONTRACT 175, SUBMITTED, UNIT_TRADER, NO_BUILDING, NO_DISTRICT, VALUE 43.0, Build Trigger Unit
11, 9, LOC_CITY_NAME_ROME, , , UNIT_WARRIOR, Default Specialization, , , Value 17.1
11, 9, LOC_CITY_NAME_ARRETIUM, , , UNIT_WARRIOR, Default Specialization, , , Value 17.1
11, 9, LOC_CITY_NAME_ROME, , CONTRACT 178, SUBMITTED, UNIT_TRADER, NO_BUILDING, NO_DISTRICT, VALUE 51.0, Build Trigger Unit
11, 9, LOC_CITY_NAME_ARRETIUM, , CONTRACT 178, SUBMITTED, UNIT_TRADER, NO_BUILDING, NO_DISTRICT, VALUE 51.0, Build Trigger Unit
11, 10, LOC_CITY_NAME_BABYLON, , , UNIT_WARRIOR, Default Specialization, , , Value 19.3
