Game Turn, Player, City, UNITOPERATION_SPY_LISTENING_POST, UNITOPERATION_SPY_GAIN_SOURCES, UNITOPERATION_SPY_STEAL_TECH_BOOST, UNITOPERATION_SPY_GREAT_WORK_HEIST, UNITOPERATION_SPY_SABOTAGE_PRODUCTION, UNITOPERATION_SPY_SIPHON_FUNDS, UNITOPERATION_SPY_REC
2, 4, LOC_CITY_NAME_TENOCHTITLAN, -9999.00, -9999.00, -9999.00, -9999.00, -9999.00, -9999.00, -9999.00, -9999.00, -9999.00, -9999.00, -9999.00
2, 5, LOC_CITY_NAME_TENOCHTITLAN, 0.00, -9999.00, -9999.00, -9999.00, -9999.00, -9999.00, -9999.00, -9999.00, -9999.00, -9999.00, -9999.00
2, 5, LOC_CITY_NAME_MIKISIW_WACIHK, -9999.00, -9999.00, -9999.00, -9999.00, -9999.00, -9999.00, -9999.00, -9999.00, -9999.00, -9999.00, -9999.00
2, 6, LOC_CITY_NAME_MIKISIW_WACIHK, 0.00, -9999.00, -9999.00, -9999.00, -9999.00, -9999.00, -9999.00, -9999.00, -9999.00, -9999.00, -9999.00
2, 6, LOC_CITY_NAME_TENOCHTITLAN, 0.00, -9999.00, -9999.00, -9999.00, -9999.00, -9999.00, -9999.00, -9999.00, -9999.00, -9999.00, -9999.00
2, 6, LOC_CITY_NAME_NIANI, -9999.00, -9999.00, -9999.00, -9999.00, -9999.00, -9999.00, -9999.00, -9999.00, -9999.00, -9999.00, -9999.00
2, 7, LOC_CITY_NAME_NIANI, 0.00, -9999.00, -9999.00, -9999.00, -9999.00, -9999.00, -9999.00, -9999.00, -9999.00, -9999.00, -9999.00
2, 7, LOC_CITY_NAME_MIKISIW_WACIHK, 0.00, -9999.00, -9999.00, -9999.00, -9999.00, -9999.00, -9999.00, -9999.00, -9999.00, -9999.00, -9999.00
2, 7, LOC_CITY_NAME_TENOCHTITLAN, 0.00, -9999.00, -9999.00, -9999.00, -9999.00, -9999.00, -9999.00, -9999.00, -9999.00, -9999.00, -9999.00
2, 7, LOC_CITY_NAME_XANADU, -9999.00, -9999.00, -9999.00, -9999.00, -9999.00, -9999.00, -9999.00, -9999.00, -9999.00, -9999.00, -9999.00
3, 4, LOC_CITY_NAME_TENOCHTITLAN, -9999.00, -9999.00, -9999.00, -9999.00, -9999.00, -9999.00, -9999.00, -9999.00, -9999.00, -9999.00, -9999.00
3, 4, LOC_CITY_NAME_XANADU, 0.00, -9999.00, -9999.00, -9999.00, -9999.00, -9999.00, -9999.00, -9999.00, -9999.00, -9999.00, -9999.00
3, 4, LOC_CITY_NAME_NIANI, 0.00, -9999.00, -9999.00, -9999.00, -9999.00, -9999.00, -9999.00, -9999.00, -9999.00, -9999.00, -9999.00
3, 4, LOC_CITY_NAME_MIKISIW_WACIHK, 0.00, -9999.00, -9999.00, -9999.00, -9999.00, -9999.00, -9999.00, -9999.00, -9999.00, -9999.00, -9999.00
3, 5, LOC_CITY_NAME_TENOCHTITLAN, 0.00, -9999.00, -9999.00, -9999.00, -9999.00, -9999.00, -9999.00, -9999.00, -9999.00, -9999.00, -9999.00
3, 5, LOC_CITY_NAME_MIKISIW_WACIHK, -9999.00, -9999.00, -9999.00, -9999.00, -9999.00, -9999.00, -9999.00, -9999.00, -9999.00, -9999.00, -9999.00
3, 5, LOC_CITY_NAME_XANADU, 0.00, -9999.00, -9999.00, -9999.00, -9999.00, -9999.00, -9999.00, -9999.00, -9999.00, -9999.00, -9999.00
3, 5, LOC_CITY_NAME_NIANI, 0.00, -9999.00, -9999.00, -9999.00, -9999.00, -9999.00, -9999.00, -9999.00, -9999.00, -9999.00, -9999.00
3, 6, LOC_CITY_NAME_MIKISIW_WACIHK, 0.00, -9999.00, -9999.00, -9999.00, -9999.00, -9999.00, -9999.00, -9999.00, -9999.00, -9999.00, -9999.00
3, 6, LOC_CITY_NAME_TENOCHTITLAN, 0.00, -9999.00, -9999.00, -9999.00, -9999.00, -9999.00, -9999.00, -9999.00, -9999.00, -9999.00, -9999.00
3, 6, LOC_CITY_NAME_NIANI, -9999.00, -9999.00, -9999.00, -9999.00, -9999.00, -9999.00, -9999.00, -9999.00, -9999.00, -9999.00, -9999.00
3, 6, LOC_CITY_NAME_XANADU, 0.00, -9999.00, -9999.00, -9999.00, -9999.00, -9999.00, -9999.00, -9999.00, -9999.00, -9999.00, -9999.00
3, 7, LOC_CITY_NAME_NIANI, 0.00, -9999.00, -9999.00, -9999.00, -9999.00, -9999.00, -9999.00, -9999.00, -9999.00, -9999.00, -9999.00
3, 7, LOC_CITY_NAME_MIKISIW_WACIHK, 0.00, -9999.00, -9999.00, -9999.00, -9999.00, -9999.00, -9999.00, -9999.00, -9999.00, -9999.00, -9999.00
3, 7, LOC_CITY_NAME_TENOCHTITLAN, 0.00, -9999.00, -9999.00, -9999.00, -9999.00, -9999.00, -9999.00, -9999.00, -9999.00, -9999.00, -9999.00
3, 7, LOC_CITY_NAME_XANADU, -9999.00, -9999.00, -9999.00, -9999.00, -9999.00, -9999.00, -9999.00, -9999.00, -9999.00, -9999.00, -9999.00
4, 4, LOC_CITY_NAME_TENOCHTITLAN, -9999.00, -9999.00, -9999.00, -9999.00, -9999.00, -9999.00, -9999.00, -9999.00, -9999.00, -9999.00, -9999.00
4, 4, LOC_CITY_NAME_XANADU, 0.00, -9999.00, -9999.00, -9999.00, -9999.00, -9999.00, -9999.00, -9999.00, -9999.00, -9999.00, -9999.00
4, 4, LOC_CITY_NAME_NIANI, 0.00, -9999.00, -9999.00, -9999.00, -9999.00, -9999.00, -9999.00, -9999.00, -9999.00, -9999.00, -9999.00
4, 4, LOC_CITY_NAME_MIKISIW_WACIHK, 0.00, -9999.00, -9999.00, -9999.00, -9999.00, -9999.00, -9999.00, -9999.00, -9999.00, -9999.00, -9999.00
4, 5, LOC_CITY_NAME_TENOCHTITLAN, 0.00, -9999.00, -9999.00, -9999.00, -9999.00, -9999.00, -9999.00, -9999.00, -9999.00, -9999.00, -9999.00
4, 5, LOC_CITY_NAME_MIKISIW_WACIHK, -9999.00, -9999.00, -9999.00, -9999.00, -9999.00, -9999.00, -9999.00, -9999.00, -9999.00, -9999.00, -9999.00
4, 5, LOC_CITY_NAME_XANADU, 0.00, -9999.00, -9999.00, -9999.00, -9999.00, -9999.00, -9999.00, -9999.00, -9999.00, -9999.00, -9999.00
4, 5, LOC_CITY_NAME_NIANI, 0.00, -9999.00, -9999.00, -9999.00, -9999.00, -9999.00, -9999.00, -9999.00, -9999.00, -9999.00, -9999.00
4, 6, LOC_CITY_NAME_MIKISIW_WACIHK, 0.00, -9999.00, -9999.00, -9999.00, -9999.00, -9999.00, -9999.00, -9999.00, -9999.00, -9999.00, -9999.00
4, 6, LOC_CITY_NAME_TENOCHTITLAN, 0.00, -9999.00, -9999.00, -9999.00, -9999.00, -9999.00, -9999.00, -9999.00, -9999.00, -9999.00, -9999.00
4, 6, LOC_CITY_NAME_NIANI, -9999.00, -9999.00, -9999.00, -9999.00, -9999.00, -9999.00, -9999.00, -9999.00, -9999.00, -9999.00, -9999.00
4, 6, LOC_CITY_NAME_XANADU, 0.00, -9999.00, -9999.00, -9999.00, -9999.00, -9999.00, -9999.00, -9999.00, -9999.00, -9999.00, -9999.00
4, 7, LOC_CITY_NAME_NIANI, 0.00, -9999.00, -9999.00, -9999.00, -9999.00, -9999.00, -9999.00, -9999.00, -9999.00, -9999.00, -9999.00
4, 7, LOC_CITY_NAME_MIKISIW_WACIHK, 0.00, -9999.00, -9999.00, -9999.00, -9999.00, -9999.00, -9999.00, -9999.00, -9999.00, -9999.00, -9999.00
4, 7, LOC_CITY_NAME_TENOCHTITLAN, 0.00, -9999.00, -9999.00, -9999.00, -9999.00, -9999.00, -9999.00, -9999.00, -9999.00, -9999.00, -9999.00
4, 7, LOC_CITY_NAME_XANADU, -9999.00, -9999.00, -9999.00, -9999.00, -9999.00, -9999.00, -9999.00, -9999.00, -9999.00, -9999.00, -9999.00
5, 4, LOC_CITY_NAME_TENOCHTITLAN, -9999.00, -9999.00, -9999.00, -9999.00, -9999.00, -9999.00, -9999.00, -9999.00, -9999.00, -9999.00, -9999.00
5, 4, LOC_CITY_NAME_XANADU, 0.00, -9999.00, -9999.00, -9999.00, -9999.00, -9999.00, -9999.00, -9999.00, -9999.00, -9999.00, -9999.00
5, 4, LOC_CITY_NAME_NIANI, 0.00, -9999.00, -9999.00, -9999.00, -9999.00, -9999.00, -9999.00, -9999.00, -9999.00, -9999.00, -9999.00
5, 4, LOC_CITY_NAME_MIKISIW_WACIHK, 0.00, -9999.00, -9999.00, -9999.00, -9999.00, -9999.00, -9999.00, -9999.00, -9999.00, -9999.00, -9999.00
5, 5, LOC_CITY_NAME_TENOCHTITLAN, 0.00, -9999.00, -9999.00, -9999.00, -9999.00, -9999.00, -9999.00, -9999.00, -9999.00, -9999.00, -9999.00
5, 5, LOC_CITY_NAME_MIKISIW_WACIHK, -9999.00, -9999.00, -9999.00, -9999.00, -9999.00, -9999.00, -9999.00, -9999.00, -9999.00, -9999.00, -9999.00
5, 5, LOC_CITY_NAME_XANADU, 0.00, -9999.00, -9999.00, -9999.00, -9999.00, -9999.00, -9999.00, -9999.00, -9999.00, -9999.00, -9999.00
5, 5, LOC_CITY_NAME_NIANI, 0.00, -9999.00, -9999.00, -9999.00, -9999.00, -9999.00, -9999.00, -9999.00, -9999.00, -9999.00, -9999.00
5, 6, LOC_CITY_NAME_MIKISIW_WACIHK, 0.00, -9999.00, -9999.00, -9999.00, -9999.00, -9999.00, -9999.00, -9999.00, -9999.00, -9999.00, -9999.00
5, 6, LOC_CITY_NAME_TENOCHTITLAN, 0.00, -9999.00, -9999.00, -9999.00, -9999.00, -9999.00, -9999.00, -9999.00, -9999.00, -9999.00, -9999.00
5, 6, LOC_CITY_NAME_NIANI, -9999.00, -9999.00, -9999.00, -9999.00, -9999.00, -9999.00, -9999.00, -9999.00, -9999.00, -9999.00, -9999.00
5, 6, LOC_CITY_NAME_XANADU, 0.00, -9999.00, -9999.00, -9999.00, -9999.00, -9999.00, -9999.00, -9999.00, -9999.00, -9999.00, -9999.00
5, 7, LOC_CITY_NAME_NIANI, 0.00, -9999.00, -9999.00, -9999.00, -9999.00, -9999.00, -9999.00, -9999.00, -9999.00, -9999.00, -9999.00
5, 7, LOC_CITY_NAME_MIKISIW_WACIHK, 0.00, -9999.00, -9999.00, -9999.00, -9999.00, -9999.00, -9999.00, -9999.00, -9999.00, -9999.00, -9999.00
5, 7, LOC_CITY_NAME_TENOCHTITLAN, 0.00, -9999.00, -9999.00, -9999.00, -9999.00, -9999.00, -9999.00, -9999.00, -9999.00, -9999.00, -9999.00
5, 7, LOC_CITY_NAME_XANADU, -9999.00, -9999.00, -9999.00, -9999.00, -9999.00, -9999.00, -9999.00, -9999.00, -9999.00, -9999.00, -9999.00
6, 4, LOC_CITY_NAME_TENOCHTITLAN, -9999.00, -9999.00, -9999.00, -9999.00, -9999.00, -9999.00, -9999.00, -9999.00, -9999.00, -9999.00, -9999.00
6, 4, LOC_CITY_NAME_XANADU, 0.00, -9999.00, -9999.00, -9999.00, -9999.00, -9999.00, -9999.00, -9999.00, -9999.00, -9999.00, -9999.00
6, 4, LOC_CITY_NAME_NIANI, 0.00, -9999.00, -9999.00, -9999.00, -9999.00, -9999.00, -9999.00, -9999.00, -9999.00, -9999.00, -9999.00
6, 4, LOC_CITY_NAME_MIKISIW_WACIHK, 0.00, -9999.00, -9999.00, -9999.00, -9999.00, -9999.00, -9999.00, -9999.00, -9999.00, -9999.00, -9999.00
6, 4, LOC_CITY_NAME_TLACOPAN, -9999.00, -9999.00, -9999.00, -9999.00, -9999.00, -9999.00, -9999.00, -9999.00, -9999.00, -9999.00, -9999.00
6, 5, LOC_CITY_NAME_TENOCHTITLAN, 0.00, -9999.00, -9999.00, -9999.00, -9999.00, -9999.00, -9999.00, -9999.00, -9999.00, -9999.00, -9999.00
6, 5, LOC_CITY_NAME_MIKISIW_WACIHK, -9999.00, -9999.00, -9999.00, -9999.00, -9999.00, -9999.00, -9999.00, -9999.00, -9999.00, -9999.00, -9999.00
6, 5, LOC_CITY_NAME_XANADU, 0.00, -9999.00, -9999.00, -9999.00, -9999.00, -9999.00, -9999.00, -9999.00, -9999.00, -9999.00, -9999.00
6, 5, LOC_CITY_NAME_NIANI, 0.00, -9999.00, -9999.00, -9999.00, -9999.00, -9999.00, -9999.00, -9999.00, -9999.00, -9999.00, -9999.00
6, 5, LOC_CITY_NAME_TLACOPAN, 0.00, -9999.00, -9999.00, -9999.00, -9999.00, -9999.00, -9999.00, -9999.00, -9999.00, -9999.00, -9999.00
6, 5, LOC_CITY_NAME_KABUL, -9999.00, -9999.00, -9999.00, -9999.00, -9999.00, -9999.00, -9999.00, -9999.00, 0.00, -9999.00, -9999.00
6, 5, LOC_CITY_NAME_PASKWAW_ASKIHK, -9999.00, -9999.00, -9999.00, -9999.00, -9999.00, -9999.00, -9999.00, -9999.00, -9999.00, -9999.00, -9999.00
6, 6, LOC_CITY_NAME_MIKISIW_WACIHK, 2.00, -9999.00, -9999.00, -9999.00, -9999.00, -9999.00, -9999.00, -9999.00, -9999.00, -9999.00, -9999.00
6, 6, LOC_CITY_NAME_TENOCHTITLAN, 2.00, -9999.00, -9999.00, -9999.00, -9999.00, -9999.00, -9999.00, -9999.00, -9999.00, -9999.00, -9999.00
6, 6, LOC_CITY_NAME_NIANI, -9999.00, -9999.00, -9999.00, -9999.00, -9999.00, -9999.00, -9999.00, -9999.00, -9999.00, -9999.00, -9999.00
6, 6, LOC_CITY_NAME_XANADU, 2.00, -9999.00, -9999.00, -9999.00, -9999.00, -9999.00, -9999.00, -9999.00, -9999.00, -9999.00, -9999.00
6, 6, LOC_CITY_NAME_KABUL, -9999.00, -9999.00, -9999.00, -9999.00, -9999.00, -9999.00, -9999.00, -9999.00, 0.00, -9999.00, -9999.00
6, 6, LOC_CITY_NAME_PASKWAW_ASKIHK, 2.00, -9999.00, -9999.00, -9999.00, -9999.00, -9999.00, -9999.00, -9999.00, -9999.00, -9999.00, -9999.00
6, 6, LOC_CITY_NAME_TLACOPAN, 2.00, -9999.00, -9999.00, -9999.00, -9999.00, -9999.00, -9999.00, -9999.00, -9999.00, -9999.00, -9999.00
6, 7, LOC_CITY_NAME_NIANI, 0.00, -9999.00, -9999.00, -9999.00, -9999.00, -9999.00, -9999.00, -9999.00, -9999.00, -9999.00, -9999.00
6, 7, LOC_CITY_NAME_MIKISIW_WACIHK, 2.00, -9999.00, -9999.00, -9999.00, -9999.00, -9999.00, -9999.00, -9999.00, -9999.00, -9999.00, -9999.00
6, 7, LOC_CITY_NAME_TENOCHTITLAN, 2.00, -9999.00, -9999.00, -9999.00, -9999.00, -9999.00, -9999.00, -9999.00, -9999.00, -9999.00, -9999.00
6, 7, LOC_CITY_NAME_XANADU, -9999.00, -9999.00, -9999.00, -9999.00, -9999.00, -9999.00, -9999.00, -9999.00, -9999.00, -9999.00, -9999.00
6, 7, LOC_CITY_NAME_KABUL, -9999.00, -9999.00, -9999.00, -9999.00, -9999.00, -9999.00, -9999.00, -9999.00, 0.00, -9999.00, -9999.00
6, 7, LOC_CITY_NAME_PASKWAW_ASKIHK, 2.00, -9999.00, -9999.00, -9999.00, -9999.00, -9999.00, -9999.00, -9999.00, -9999.00, -9999.00, -9999.00
6, 7, LOC_CITY_NAME_TLACOPAN, 2.00, -9999.00, -9999.00, -9999.00, -9999.00, -9999.00, -9999.00, -9999.00, -9999.00, -9999.00, -9999.00
7, 4, LOC_CITY_NAME_TENOCHTITLAN, -9999.00, -9999.00, -9999.00, -9999.00, -9999.00, -9999.00, -9999.00, -9999.00, -9999.00, -9999.00, -9999.00
7, 4, LOC_CITY_NAME_XANADU, 0.00, -9999.00, -9999.00, -9999.00, -9999.00, -9999.00, -9999.00, -9999.00, -9999.00, -9999.00, -9999.00
7, 4, LOC_CITY_NAME_NIANI, 0.00, -9999.00, -9999.00, -9999.00, -9999.00, -9999.00, -9999.00, -9999.00, -9999.00, -9999.00, -9999.00
7, 4, LOC_CITY_NAME_MIKISIW_WACIHK, 2.00, -9999.00, -9999.00, -9999.00, -9999.00, -9999.00, -9999.00, -9999.00, -9999.00, -9999.00, -9999.00
7, 4, LOC_CITY_NAME_TLACOPAN, -9999.00, -9999.00, -9999.00, -9999.00, -9999.00, -9999.00, -9999.00, -9999.00, -9999.00, -9999.00, -9999.00
7, 4, LOC_CITY_NAME_KABUL, -9999.00, -9999.00, -9999.00, -9999.00, -9999.00, -9999.00, -9999.00, -9999.00, 0.00, -9999.00, -9999.00
7, 4, LOC_CITY_NAME_PASKWAW_ASKIHK, 2.00, -9999.00, -9999.00, -9999.00, -9999.00, -9999.00, -9999.00, -9999.00, -9999.00, -9999.00, -9999.00
7, 5, LOC_CITY_NAME_TENOCHTITLAN, 0.00, -9999.00, -9999.00, -9999.00, -9999.00, -9999.00, -9999.00, -9999.00, -9999.00, -9999.00, -9999.00
7, 5, LOC_CITY_NAME_MIKISIW_WACIHK, -9999.00, -9999.00, -9999.00, -9999.00, -9999.00, -9999.00, -9999.00, -9999.00, -9999.00, -9999.00, -9999.00
7, 5, LOC_CITY_NAME_XANADU, 0.00, -9999.00, -9999.00, -9999.00, -9999.00, -9999.00, -9999.00, -9999.00, -9999.00, -9999.00, -9999.00
7, 5, LOC_CITY_NAME_NIANI, 0.00, -9999.00, -9999.00, -9999.00, -9999.00, -9999.00, -9999.00, -9999.00, -9999.00, -9999.00, -9999.00
7, 5, LOC_CITY_NAME_TLACOPAN, 0.00, -9999.00, -9999.00, -9999.00, -9999.00, -9999.00, -9999.00, -9999.00, -9999.00, -9999.00, -9999.00
7, 5, LOC_CITY_NAME_KABUL, -9999.00, -9999.00, -9999.00, -9999.00, -9999.00, -9999.00, -9999.00, -9999.00, 0.00, -9999.00, -9999.00
7, 5, LOC_CITY_NAME_PASKWAW_ASKIHK, -9999.00, -9999.00, -9999.00, -9999.00, -9999.00, -9999.00, -9999.00, -9999.00, -9999.00, -9999.00, -9999.00
7, 6, LOC_CITY_NAME_MIKISIW_WACIHK, 3.00, -9999.00, -9999.00, -9999.00, -9999.00, -9999.00, -9999.00, -9999.00, -9999.00, -9999.00, -9999.00
7, 6, LOC_CITY_NAME_TENOCHTITLAN, 3.00, -9999.00, -9999.00, -9999.00, -9999.00, -9999.00, -9999.00, -9999.00, -9999.00, -9999.00, -9999.00
7, 6, LOC_CITY_NAME_NIANI, -9999.00, -9999.00, -9999.00, -9999.00, -9999.00, -9999.00, -9999.00, -9999.00, -9999.00, -9999.00, -9999.00
7, 6, LOC_CITY_NAME_XANADU, 1.00, -9999.00, -9999.00, -9999.00, -9999.00, -9999.00, -9999.00, -9999.00, -9999.00, -9999.00, -9999.00
7, 6, LOC_CITY_NAME_KABUL, -9999.00, -9999.00, -9999.00, -9999.00, -9999.00, -9999.00, -9999.00, -9999.00, 0.00, -9999.00, -9999.00
7, 6, LOC_CITY_NAME_PASKWAW_ASKIHK, 3.00, -9999.00, -9999.00, -9999.00, -9999.00, -9999.00, -9999.00, -9999.00, -9999.00, -9999.00, -9999.00
7, 6, LOC_CITY_NAME_TLACOPAN, 3.00, -9999.00, -9999.00, -9999.00, -9999.00, -9999.00, -9999.00, -9999.00, -9999.00, -9999.00, -9999.00
7, 6, LOC_CITY_NAME_CHINGUETTI, -9999.00, -9999.00, -9999.00, -9999.00, -9999.00, -9999.00, -9999.00, -9999.00, 0.00, -9999.00, -9999.00
7, 7, LOC_CITY_NAME_NIANI, 0.00, -9999.00, -9999.00, -9999.00, -9999.00, -9999.00, -9999.00, -9999.00, -9999.00, -9999.00, -9999.00
7, 7, LOC_CITY_NAME_MIKISIW_WACIHK, 2.00, -9999.00, -9999.00, -9999.00, -9999.00, -9999.00, -9999.00, -9999.00, -9999.00, -9999.00, -9999.00
7, 7, LOC_CITY_NAME_TENOCHTITLAN, 2.00, -9999.00, -9999.00, -9999.00, -9999.00, -9999.00, -9999.00, -9999.00, -9999.00, -9999.00, -9999.00
7, 7, LOC_CITY_NAME_XANADU, -9999.00, -9999.00, -9999.00, -9999.00, -9999.00, -9999.00, -9999.00, -9999.00, -9999.00, -9999.00, -9999.00
7, 7, LOC_CITY_NAME_KABUL, -9999.00, -9999.00, -9999.00, -9999.00, -9999.00, -9999.00, -9999.00, -9999.00, 0.00, -9999.00, -9999.00
7, 7, LOC_CITY_NAME_PASKWAW_ASKIHK, 2.00, -9999.00, -9999.00, -9999.00, -9999.00, -9999.00, -9999.00, -9999.00, -9999.00, -9999.00, -9999.00
7, 7, LOC_CITY_NAME_TLACOPAN, 2.00, -9999.00, -9999.00, -9999.00, -9999.00, -9999.00, -9999.00, -9999.00, -9999.00, -9999.00, -9999.00
7, 7, LOC_CITY_NAME_CHINGUETTI, -9999.00, -9999.00, -9999.00, -9999.00, -9999.00, -9999.00, -9999.00, -9999.00, 0.00, -9999.00, -9999.00
8, 4, LOC_CITY_NAME_TENOCHTITLAN, -9999.00, -9999.00, -9999.00, -9999.00, -9999.00, -9999.00, -9999.00, -9999.00, -9999.00, -9999.00, -9999.00
8, 4, LOC_CITY_NAME_XANADU, 0.00, -9999.00, -9999.00, -9999.00, -9999.00, -9999.00, -9999.00, -9999.00, -9999.00, -9999.00, -9999.00
8, 4, LOC_CITY_NAME_NIANI, 0.00, -9999.00, -9999.00, -9999.00, -9999.00, -9999.00, -9999.00, -9999.00, -9999.00, -9999.00, -9999.00
8, 4, LOC_CITY_NAME_MIKISIW_WACIHK, 2.00, -9999.00, -9999.00, -9999.00, -9999.00, -9999.00, -9999.00, -9999.00, -9999.00, -9999.00, -9999.00
8, 4, LOC_CITY_NAME_TLACOPAN, -9999.00, -9999.00, -9999.00, -9999.00, -9999.00, -9999.00, -9999.00, -9999.00, -9999.00, -9999.00, -9999.00
8, 4, LOC_CITY_NAME_KABUL, -9999.00, -9999.00, -9999.00, -9999.00, -9999.00, -9999.00, -9999.00, -9999.00, 0.00, -9999.00, -9999.00
8, 4, LOC_CITY_NAME_PASKWAW_ASKIHK, 2.00, -9999.00, -9999.00, -9999.00, -9999.00, -9999.00, -9999.00, -9999.00, -9999.00, -9999.00, -9999.00
8, 4, LOC_CITY_NAME_CHINGUETTI, -9999.00, -9999.00, -9999.00, -9999.00, -9999.00, -9999.00, -9999.00, -9999.00, 0.00, -9999.00, -9999.00
8, 5, LOC_CITY_NAME_TENOCHTITLAN, 1.00, -9999.00, -9999.00, -9999.00, -9999.00, -9999.00, -9999.00, -9999.00, -9999.00, -9999.00, -9999.00
8, 5, LOC_CITY_NAME_MIKISIW_WACIHK, -9999.00, -9999.00, -9999.00, -9999.00, -9999.00, -9999.00, -9999.00, -9999.00, -9999.00, -9999.00, -9999.00
8, 5, LOC_CITY_NAME_XANADU, 1.00, -9999.00, -9999.00, -9999.00, -9999.00, -9999.00, -9999.00, -9999.00, -9999.00, -9999.00, -9999.00
8, 5, LOC_CITY_NAME_NIANI, 1.00, -9999.00, -9999.00, -9999.00, -9999.00, -9999.00, -9999.00, -9999.00, -9999.00, -9999.00, -9999.00
8, 5, LOC_CITY_NAME_TLACOPAN, 1.00, -9999.00, -9999.00, -9999.00, -9999.00, -9999.00, -9999.00, -9999.00, -9999.00, -9999.00, -9999.00
8, 5, LOC_CITY_NAME_KABUL, -9999.00, -9999.00, -9999.00, -9999.00, -9999.00, -9999.00, -9999.00, -9999.00, 0.00, -9999.00, -9999.00
8, 5, LOC_CITY_NAME_PASKWAW_ASKIHK, -9999.00, -9999.00, -9999.00, -9999.00, -9999.00, -9999.00, -9999.00, -9999.00, -9999.00, -9999.00, -9999.00
8, 5, LOC_CITY_NAME_CHINGUETTI, -9999.00, -9999.00, -9999.00, -9999.00, -9999.00, -9999.00, -9999.00, -9999.00, 0.00, -9999.00, -9999.00
8, 6, LOC_CITY_NAME_MIKISIW_WACIHK, 3.00, -9999.00, -9999.00, -9999.00, -9999.00, -9999.00, -9999.00, -9999.00, -9999.00, -9999.00, -9999.00
8, 6, LOC_CITY_NAME_TENOCHTITLAN, 3.00, -9999.00, -9999.00, -9999.00, -9999.00, -9999.00, -9999.00, -9999.00, -9999.00, -9999.00, -9999.00
8, 6, LOC_CITY_NAME_NIANI, -9999.00, -9999.00, -9999.00, -9999.00, -9999.00, -9999.00, -9999.00, -9999.00, -9999.00, -9999.00, -9999.00
8, 6, LOC_CITY_NAME_XANADU, 1.00, -9999.00, -9999.00, -9999.00, -9999.00, -9999.00, -9999.00, -9999.00, -9999.00, -9999.00, -9999.00
8, 6, LOC_CITY_NAME_KABUL, -9999.00, -9999.00, -9999.00, -9999.00, -9999.00, -9999.00, -9999.00, -9999.00, 0.00, -9999.00, -9999.00
8, 6, LOC_CITY_NAME_PASKWAW_ASKIHK, 3.00, -9999.00, -9999.00, -9999.00, -9999.00, -9999.00, -9999.00, -9999.00, -9999.00, -9999.00, -9999.00
8, 6, LOC_CITY_NAME_TLACOPAN, 3.00, -9999.00, -9999.00, -9999.00, -9999.00, -9999.00, -9999.00, -9999.00, -9999.00, -9999.00, -9999.00
8, 6, LOC_CITY_NAME_CHINGUETTI, -9999.00, -9999.00, -9999.00, -9999.00, -9999.00, -9999.00, -9999.00, -9999.00, 0.00, -9999.00, -9999.00
8, 7, LOC_CITY_NAME_NIANI, 2.00, -9999.00, -9999.00, -9999.00, -9999.00, -9999.00, -9999.00, -9999.00, -9999.00, -9999.00, -9999.00
8, 7, LOC_CITY_NAME_MIKISIW_WACIHK, 2.00, -9999.00, -9999.00, -9999.00, -9999.00, -9999.00, -9999.00, -9999.00, -9999.00, -9999.00, -9999.00
8, 7, LOC_CITY_NAME_TENOCHTITLAN, 2.00, -9999.00, -9999.00, -9999.00, -9999.00, -9999.00, -9999.00, -9999.00, -9999.00, -9999.00, -9999.00
8, 7, LOC_CITY_NAME_XANADU, -9999.00, -9999.00, -9999.00, -9999.00, -9999.00, -9999.00, -9999.00, -9999.00, -9999.00, -9999.00, -9999.00
8, 7, LOC_CITY_NAME_KABUL, -9999.00, -9999.00, -9999.00, -9999.00, -9999.00, -9999.00, -9999.00, -9999.00, 0.00, -9999.00, -9999.00
8, 7, LOC_CITY_NAME_PASKWAW_ASKIHK, 2.00, -9999.00, -9999.00, -9999.00, -9999.00, -9999.00, -9999.00, -9999.00, -9999.00, -9999.00, -9999.00
8, 7, LOC_CITY_NAME_TLACOPAN, 2.00, -9999.00, -9999.00, -9999.00, -9999.00, -9999.00, -9999.00, -9999.00, -9999.00, -9999.00, -9999.00
8, 7, LOC_CITY_NAME_CHINGUETTI, -9999.00, -9999.00, -9999.00, -9999.00, -9999.00, -9999.00, -9999.00, -9999.00, 0.00, -9999.00, -9999.00
9, 4, LOC_CITY_NAME_TENOCHTITLAN, -9999.00, -9999.00, -9999.00, -9999.00, -9999.00, -9999.00, -9999.00, -9999.00, -9999.00, -9999.00, -9999.00
9, 4, LOC_CITY_NAME_XANADU, 0.00, -9999.00, -9999.00, -9999.00, -9999.00, -9999.00, -9999.00, -9999.00, -9999.00, -9999.00, -9999.00
9, 4, LOC_CITY_NAME_NIANI, 0.00, -9999.00, -9999.00, -9999.00, -9999.00, -9999.00, -9999.00, -9999.00, -9999.00, -9999.00, -9999.00
9, 4, LOC_CITY_NAME_MIKISIW_WACIHK, 2.00, -9999.00, -9999.00, -9999.00, -9999.00, -9999.00, -9999.00, -9999.00, -9999.00, -9999.00, -9999.00
9, 4, LOC_CITY_NAME_TLACOPAN, -9999.00, -9999.00, -9999.00, -9999.00, -9999.00, -9999.00, -9999.00, -9999.00, -9999.00, -9999.00, -9999.00
9, 4, LOC_CITY_NAME_KABUL, -9999.00, -9999.00, -9999.00, -9999.00, -9999.00, -9999.00, -9999.00, -9999.00, 0.00, -9999.00, -9999.00
9, 4, LOC_CITY_NAME_PASKWAW_ASKIHK, 2.00, -9999.00, -9999.00, -9999.00, -9999.00, -9999.00, -9999.00, -9999.00, -9999.00, -9999.00, -9999.00
9, 4, LOC_CITY_NAME_CHINGUETTI, -9999.00, -9999.00, -9999.00, -9999.00, -9999.00, -9999.00, -9999.00, -9999.00, 0.00, -9999.00, -9999.00
9, 5, LOC_CITY_NAME_TENOCHTITLAN, 1.00, -9999.00, -9999.00, -9999.00, -9999.00, -9999.00, -9999.00, -9999.00, -9999.00, -9999.00, -9999.00
9, 5, LOC_CITY_NAME_MIKISIW_WACIHK, -9999.00, -9999.00, -9999.00, -9999.00, -9999.00, -9999.00, -9999.00, -9999.00, -9999.00, -9999.00, -9999.00
9, 5, LOC_CITY_NAME_XANADU, 1.00, -9999.00, -9999.00, -9999.00, -9999.00, -9999.00, -9999.00, -9999.00, -9999.00, -9999.00, -9999.00
9, 5, LOC_CITY_NAME_NIANI, 1.00, -9999.00, -9999.00, -9999.00, -9999.00, -9999.00, -9999.00, -9999.00, -9999.00, -9999.00, -9999.00
9, 5, LOC_CITY_NAME_TLACOPAN, 1.00, -9999.00, -9999.00, -9999.00, -9999.00, -9999.00, -9999.00, -9999.00, -9999.00, -9999.00, -9999.00
9, 5, LOC_CITY_NAME_KABUL, -9999.00, -9999.00, -9999.00, -9999.00, -9999.00, -9999.00, -9999.00, -9999.00, 0.00, -9999.00, -9999.00
9, 5, LOC_CITY_NAME_PASKWAW_ASKIHK, -9999.00, -9999.00, -9999.00, -9999.00, -9999.00, -9999.00, -9999.00, -9999.00, -9999.00, -9999.00, -9999.00
9, 5, LOC_CITY_NAME_CHINGUETTI, -9999.00, -9999.00, -9999.00, -9999.00, -9999.00, -9999.00, -9999.00, -9999.00, 0.00, -9999.00, -9999.00
9, 6, LOC_CITY_NAME_MIKISIW_WACIHK, 3.00, -9999.00, -9999.00, -9999.00, -9999.00, -9999.00, -9999.00, -9999.00, -9999.00, -9999.00, -9999.00
9, 6, LOC_CITY_NAME_TENOCHTITLAN, 3.00, -9999.00, -9999.00, -9999.00, -9999.00, -9999.00, -9999.00, -9999.00, -9999.00, -9999.00, -9999.00
9, 6, LOC_CITY_NAME_NIANI, -9999.00, -9999.00, -9999.00, -9999.00, -9999.00, -9999.00, -9999.00, -9999.00, -9999.00, -9999.00, -9999.00
9, 6, LOC_CITY_NAME_XANADU, 1.00, -9999.00, -9999.00, -9999.00, -9999.00, -9999.00, -9999.00, -9999.00, -9999.00, -9999.00, -9999.00
9, 6, LOC_CITY_NAME_KABUL, -9999.00, -9999.00, -9999.00, -9999.00, -9999.00, -9999.00, -9999.00, -9999.00, 0.00, -9999.00, -9999.00
9, 6, LOC_CITY_NAME_PASKWAW_ASKIHK, 3.00, -9999.00, -9999.00, -9999.00, -9999.00, -9999.00, -9999.00, -9999.00, -9999.00, -9999.00, -9999.00
9, 6, LOC_CITY_NAME_TLACOPAN, 3.00, -9999.00, -9999.00, -9999.00, -9999.00, -9999.00, -9999.00, -9999.00, -9999.00, -9999.00, -9999.00
9, 6, LOC_CITY_NAME_CHINGUETTI, -9999.00, -9999.00, -9999.00, -9999.00, -9999.00, -9999.00, -9999.00, -9999.00, 0.00, -9999.00, -9999.00
9, 7, LOC_CITY_NAME_NIANI, 2.00, -9999.00, -9999.00, -9999.00, -9999.00, -9999.00, -9999.00, -9999.00, -9999.00, -9999.00, -9999.00
9, 7, LOC_CITY_NAME_MIKISIW_WACIHK, 2.00, -9999.00, -9999.00, -9999.00, -9999.00, -9999.00, -9999.00, -9999.00, -9999.00, -9999.00, -9999.00
9, 7, LOC_CITY_NAME_TENOCHTITLAN, 2.00, -9999.00, -9999.00, -9999.00, -9999.00, -9999.00, -9999.00, -9999.00, -9999.00, -9999.00, -9999.00
9, 7, LOC_CITY_NAME_XANADU, -9999.00, -9999.00, -9999.00, -9999.00, -9999.00, -9999.00, -9999.00, -9999.00, -9999.00, -9999.00, -9999.00
9, 7, LOC_CITY_NAME_KABUL, -9999.00, -9999.00, -9999.00, -9999.00, -9999.00, -9999.00, -9999.00, -9999.00, 0.00, -9999.00, -9999.00
9, 7, LOC_CITY_NAME_PASKWAW_ASKIHK, 2.00, -9999.00, -9999.00, -9999.00, -9999.00, -9999.00, -9999.00, -9999.00, -9999.00, -9999.00, -9999.00
9, 7, LOC_CITY_NAME_TLACOPAN, 2.00, -9999.00, -9999.00, -9999.00, -9999.00, -9999.00, -9999.00, -9999.00, -9999.00, -9999.00, -9999.00
9, 7, LOC_CITY_NAME_CHINGUETTI, -9999.00, -9999.00, -9999.00, -9999.00, -9999.00, -9999.00, -9999.00, -9999.00, 0.00, -9999.00, -9999.00
2, 5, LOC_CITY_NAME_PELLA, -9999.00, -9999.00, -9999.00, -9999.00, -9999.00, -9999.00, -9999.00, -9999.00, -9999.00, -9999.00, -9999.00
2, 6, LOC_CITY_NAME_PELLA, 0.00, -9999.00, -9999.00, -9999.00, -9999.00, -9999.00, -9999.00, -9999.00, -9999.00, -9999.00, -9999.00
2, 6, LOC_CITY_NAME_RIO_DE_JANEIRO, -9999.00, -9999.00, -9999.00, -9999.00, -9999.00, -9999.00, -9999.00, -9999.00, -9999.00, -9999.00, -9999.00
2, 7, LOC_CITY_NAME_RIO_DE_JANEIRO, 0.00, -9999.00, -9999.00, -9999.00, -9999.00, -9999.00, -9999.00, -9999.00, -9999.00, -9999.00, -9999.00
2, 7, LOC_CITY_NAME_PELLA, 0.00, -9999.00, -9999.00, -9999.00, -9999.00, -9999.00, -9999.00, -9999.00, -9999.00, -9999.00, -9999.00
2, 7, LOC_CITY_NAME_AACHEN, -9999.00, -9999.00, -9999.00, -9999.00, -9999.00, -9999.00, -9999.00, -9999.00, -9999.00, -9999.00, -9999.00
2, 8, LOC_CITY_NAME_AACHEN, 0.00, -9999.00, -9999.00, -9999.00, -9999.00, -9999.00, -9999.00, -9999.00, -9999.00, -9999.00, -9999.00
2, 8, LOC_CITY_NAME_RIO_DE_JANEIRO, 0.00, -9999.00, -9999.00, -9999.00, -9999.00, -9999.00, -9999.00, -9999.00, -9999.00, -9999.00, -9999.00
2, 8, LOC_CITY_NAME_PELLA, 0.00, -9999.00, -9999.00, -9999.00, -9999.00, -9999.00, -9999.00, -9999.00, -9999.00, -9999.00, -9999.00
2, 8, LOC_CITY_HA_NOI, -9999.00, -9999.00, -9999.00, -9999.00, -9999.00, -9999.00, -9999.00, -9999.00, -9999.00, -9999.00, -9999.00
2, 9, LOC_CITY_HA_NOI, 0.00, -9999.00, -9999.00, -9999.00, -9999.00, -9999.00, -9999.00, -9999.00, -9999.00, -9999.00, -9999.00
2, 9, LOC_CITY_NAME_AACHEN, 0.00, -9999.00, -9999.00, -9999.00, -9999.00, -9999.00, -9999.00, -9999.00, -9999.00, -9999.00, -9999.00
2, 9, LOC_CITY_NAME_RIO_DE_JANEIRO, 0.00, -9999.00, -9999.00, -9999.00, -9999.00, -9999.00, -9999.00, -9999.00, -9999.00, -9999.00, -9999.00
2, 9, LOC_CITY_NAME_PELLA, 0.00, -9999.00, -9999.00, -9999.00, -9999.00, -9999.00, -9999.00, -9999.00, -9999.00, -9999.00, -9999.00
2, 9, LOC_CITY_NAME_ROME, -9999.00, -9999.00, -9999.00, -9999.00, -9999.00, -9999.00, -9999.00, -9999.00, -9999.00, -9999.00, -9999.00
3, 5, LOC_CITY_NAME_PELLA, -9999.00, -9999.00, -9999.00, -9999.00, -9999.00, -9999.00, -9999.00, -9999.00, -9999.00, -9999.00, -9999.00
3, 5, LOC_CITY_NAME_ROME, 0.00, -9999.00, -9999.00, -9999.00, -9999.00, -9999.00, -9999.00, -9999.00, -9999.00, -9999.00, -9999.00
3, 5, LOC_CITY_HA_NOI, 0.00, -9999.00, -9999.00, -9999.00, -9999.00, -9999.00, -9999.00, -9999.00, -9999.00, -9999.00, -9999.00
3, 5, LOC_CITY_NAME_AACHEN, 0.00, -9999.00, -9999.00, -9999.00, -9999.00, -9999.00, -9999.00, -9999.00, -9999.00, -9999.00, -9999.00
3, 5, LOC_CITY_NAME_RIO_DE_JANEIRO, 0.00, -9999.00, -9999.00, -9999.00, -9999.00, -9999.00, -9999.00, -9999.00, -9999.00, -9999.00, -9999.00
3, 6, LOC_CITY_NAME_PELLA, 0.00, -9999.00, -9999.00, -9999.00, -9999.00, -9999.00, -9999.00, -9999.00, -9999.00, -9999.00, -9999.00
3, 6, LOC_CITY_NAME_RIO_DE_JANEIRO, -9999.00, -9999.00, -9999.00, -9999.00, -9999.00, -9999.00, -9999.00, -9999.00, -9999.00, -9999.00, -9999.00
3, 6, LOC_CITY_NAME_ROME, 0.00, -9999.00, -9999.00, -9999.00, -9999.00, -9999.00, -9999.00, -9999.00, -9999.00, -9999.00, -9999.00
3, 6, LOC_CITY_HA_NOI, 0.00, -9999.00, -9999.00, -9999.00, -9999.00, -9999.00, -9999.00, -9999.00, -9999.00, -9999.00, -9999.00
3, 6, LOC_CITY_NAME_AACHEN, 0.00, -9999.00, -9999.00, -9999.00, -9999.00, -9999.00, -9999.00, -9999.00, -9999.00, -9999.00, -9999.00
3, 7, LOC_CITY_NAME_RIO_DE_JANEIRO, 0.00, -9999.00, -9999.00, -9999.00, -9999.00, -9999.00, -9999.00, -9999.00, -9999.00, -9999.00, -9999.00
3, 7, LOC_CITY_NAME_PELLA, 0.00, -9999.00, -9999.00, -9999.00, -9999.00, -9999.00, -9999.00, -9999.00, -9999.00, -9999.00, -9999.00
3, 7, LOC_CITY_NAME_AACHEN, -9999.00, -9999.00, -9999.00, -9999.00, -9999.00, -9999.00, -9999.00, -9999.00, -9999.00, -9999.00, -9999.00
3, 7, LOC_CITY_NAME_ROME, 0.00, -9999.00, -9999.00, -9999.00, -9999.00, -9999.00, -9999.00, -9999.00, -9999.00, -9999.00, -9999.00
3, 7, LOC_CITY_HA_NOI, 0.00, -9999.00, -9999.00, -9999.00, -9999.00, -9999.00, -9999.00, -9999.00, -9999.00, -9999.00, -9999.00
3, 8, LOC_CITY_NAME_AACHEN, 0.00, -9999.00, -9999.00, -9999.00, -9999.00, -9999.00, -9999.00, -9999.00, -9999.00, -9999.00, -9999.00
3, 8, LOC_CITY_NAME_RIO_DE_JANEIRO, 0.00, -9999.00, -9999.00, -9999.00, -9999.00, -9999.00, -9999.00, -9999.00, -9999.00, -9999.00, -9999.00
3, 8, LOC_CITY_NAME_PELLA, 0.00, -9999.00, -9999.00, -9999.00, -9999.00, -9999.00, -9999.00, -9999.00, -9999.00, -9999.00, -9999.00
3, 8, LOC_CITY_HA_NOI, -9999.00, -9999.00, -9999.00, -9999.00, -9999.00, -9999.00, -9999.00, -9999.00, -9999.00, -9999.00, -9999.00
3, 8, LOC_CITY_NAME_ROME, 0.00, -9999.00, -9999.00, -9999.00, -9999.00, -9999.00, -9999.00, -9999.00, -9999.00, -9999.00, -9999.00
3, 9, LOC_CITY_HA_NOI, 0.00, -9999.00, -9999.00, -9999.00, -9999.00, -9999.00, -9999.00, -9999.00, -9999.00, -9999.00, -9999.00
3, 9, LOC_CITY_NAME_AACHEN, 0.00, -9999.00, -9999.00, -9999.00, -9999.00, -9999.00, -9999.00, -9999.00, -9999.00, -9999.00, -9999.00
3, 9, LOC_CITY_NAME_RIO_DE_JANEIRO, 0.00, -9999.00, -9999.00, -9999.00, -9999.00, -9999.00, -9999.00, -9999.00, -9999.00, -9999.00, -9999.00
3, 9, LOC_CITY_NAME_PELLA, 0.00, -9999.00, -9999.00, -9999.00, -9999.00, -9999.00, -9999.00, -9999.00, -9999.00, -9999.00, -9999.00
3, 9, LOC_CITY_NAME_ROME, -9999.00, -9999.00, -9999.00, -9999.00, -9999.00, -9999.00, -9999.00, -9999.00, -9999.00, -9999.00, -9999.00
4, 5, LOC_CITY_NAME_PELLA, -9999.00, -9999.00, -9999.00, -9999.00, -9999.00, -9999.00, -9999.00, -9999.00, -9999.00, -9999.00, -9999.00
4, 5, LOC_CITY_NAME_ROME, 0.00, -9999.00, -9999.00, -9999.00, -9999.00, -9999.00, -9999.00, -9999.00, -9999.00, -9999.00, -9999.00
4, 5, LOC_CITY_HA_NOI, 0.00, -9999.00, -9999.00, -9999.00, -9999.00, -9999.00, -9999.00, -9999.00, -9999.00, -9999.00, -9999.00
4, 5, LOC_CITY_NAME_AACHEN, 2.00, -9999.00, -9999.00, -9999.00, -9999.00, -9999.00, -9999.00, -9999.00, -9999.00, -9999.00, -9999.00
4, 5, LOC_CITY_NAME_RIO_DE_JANEIRO, 2.00, -9999.00, -9999.00, -9999.00, -9999.00, -9999.00, -9999.00, -9999.00, -9999.00, -9999.00, -9999.00
4, 6, LOC_CITY_NAME_PELLA, 0.00, -9999.00, -9999.00, -9999.00, -9999.00, -9999.00, -9999.00, -9999.00, -9999.00, -9999.00, -9999.00
4, 6, LOC_CITY_NAME_RIO_DE_JANEIRO, -9999.00, -9999.00, -9999.00, -9999.00, -9999.00, -9999.00, -9999.00, -9999.00, -9999.00, -9999.00, -9999.00
4, 6, LOC_CITY_NAME_ROME, 0.00, -9999.00, -9999.00, -9999.00, -9999.00, -9999.00, -9999.00, -9999.00, -9999.00, -9999.00, -9999.00
4, 6, LOC_CITY_HA_NOI, 0.00, -9999.00, -9999.00, -9999.00, -9999.00, -9999.00, -9999.00, -9999.00, -9999.00, -9999.00, -9999.00
4, 6, LOC_CITY_NAME_AACHEN, 0.00, -9999.00, -9999.00, -9999.00, -9999.00, -9999.00, -9999.00, -9999.00, -9999.00, -9999.00, -9999.00
4, 7, LOC_CITY_NAME_RIO_DE_JANEIRO, 0.00, -9999.00, -9999.00, -9999.00, -9999.00, -9999.00, -9999.00, -9999.00, -9999.00, -9999.00, -9999.00
4, 7, LOC_CITY_NAME_PELLA, 0.00, -9999.00, -9999.00, -9999.00, -9999.00, -9999.00, -9999.00, -9999.00, -9999.00, -9999.00, -9999.00
4, 7, LOC_CITY_NAME_AACHEN, -9999.00, -9999.00, -9999.00, -9999.00, -9999.00, -9999.00, -9999.00, -9999.00, -9999.00, -9999.00, -9999.00
4, 7, LOC_CITY_NAME_ROME, 0.00, -9999.00, -9999.00, -9999.00, -9999.00, -9999.00, -9999.00, -9999.00, -9999.00, -9999.00, -9999.00
4, 7, LOC_CITY_HA_NOI, 0.00, -9999.00, -9999.00, -9999.00, -9999.00, -9999.00, -9999.00, -9999.00, -9999.00, -9999.00, -9999.00
4, 8, LOC_CITY_NAME_AACHEN, 2.00, -9999.00, -9999.00, -9999.00, -9999.00, -9999.00, -9999.00, -9999.00, -9999.00, -9999.00, -9999.00
4, 8, LOC_CITY_NAME_RIO_DE_JANEIRO, 2.00, -9999.00, -9999.00, -9999.00, -9999.00, -9999.00, -9999.00, -9999.00, -9999.00, -9999.00, -9999.00
4, 8, LOC_CITY_NAME_PELLA, 0.00, -9999.00, -9999.00, -9999.00, -9999.00, -9999.00, -9999.00, -9999.00, -9999.00, -9999.00, -9999.00
4, 8, LOC_CITY_HA_NOI, -9999.00, -9999.00, -9999.00, -9999.00, -9999.00, -9999.00, -9999.00, -9999.00, -9999.00, -9999.00, -9999.00
4, 8, LOC_CITY_NAME_ROME, 0.00, -9999.00, -9999.00, -9999.00, -9999.00, -9999.00, -9999.00, -9999.00, -9999.00, -9999.00, -9999.00
4, 9, LOC_CITY_HA_NOI, 0.00, -9999.00, -9999.00, -9999.00, -9999.00, -9999.00, -9999.00, -9999.00, -9999.00, -9999.00, -9999.00
4, 9, LOC_CITY_NAME_AACHEN, 2.00, -9999.00, -9999.00, -9999.00, -9999.00, -9999.00, -9999.00, -9999.00, -9999.00, -9999.00, -9999.00
4, 9, LOC_CITY_NAME_RIO_DE_JANEIRO, 2.00, -9999.00, -9999.00, -9999.00, -9999.00, -9999.00, -9999.00, -9999.00, -9999.00, -9999.00, -9999.00
4, 9, LOC_CITY_NAME_PELLA, 0.00, -9999.00, -9999.00, -9999.00, -9999.00, -9999.00, -9999.00, -9999.00, -9999.00, -9999.00, -9999.00
4, 9, LOC_CITY_NAME_ROME, -9999.00, -9999.00, -9999.00, -9999.00, -9999.00, -9999.00, -9999.00, -9999.00, -9999.00, -9999.00, -9999.00
5, 5, LOC_CITY_NAME_PELLA, -9999.00, -9999.00, -9999.00, -9999.00, -9999.00, -9999.00, -9999.00, -9999.00, -9999.00, -9999.00, -9999.00
5, 5, LOC_CITY_NAME_ROME, 0.00, -9999.00, -9999.00, -9999.00, -9999.00, -9999.00, -9999.00, -9999.00, -9999.00, -9999.00, -9999.00
5, 5, LOC_CITY_HA_NOI, 0.00, -9999.00, -9999.00, -9999.00, -9999.00, -9999.00, -9999.00, -9999.00, -9999.00, -9999.00, -9999.00
5, 5, LOC_CITY_NAME_AACHEN, 0.00, -9999.00, -9999.00, -9999.00, -9999.00, -9999.00, -9999.00, -9999.00, -9999.00, -9999.00, -9999.00
5, 5, LOC_CITY_NAME_RIO_DE_JANEIRO, 0.00, -9999.00, -9999.00, -9999.00, -9999.00, -9999.00, -9999.00, -9999.00, -9999.00, -9999.00, -9999.00
5, 6, LOC_CITY_NAME_PELLA, 0.00, -9999.00, -9999.00, -9999.00, -9999.00, -9999.00, -9999.00, -9999.00, -9999.00, -9999.00, -9999.00
5, 6, LOC_CITY_NAME_RIO_DE_JANEIRO, -9999.00, -9999.00, -9999.00, -9999.00, -9999.00, -9999.00, -9999.00, -9999.00, -9999.00, -9999.00, -9999.00
5, 6, LOC_CITY_NAME_ROME, 0.00, -9999.00, -9999.00, -9999.00, -9999.00, -9999.00, -9999.00, -9999.00, -9999.00, -9999.00, -9999.00
5, 6, LOC_CITY_HA_NOI, 0.00, -9999.00, -9999.00, -9999.00, -9999.00, -9999.00, -9999.00, -9999.00, -9999.00, -9999.00, -9999.00
5, 6, LOC_CITY_NAME_AACHEN, 0.00, -9999.00, -9999.00, -9999.00, -9999.00, -9999.00, -9999.00, -9999.00, -9999.00, -9999.00, -9999.00
5, 7, LOC_CITY_NAME_RIO_DE_JANEIRO, 0.00, -9999.00, -9999.00, -9999.00, -9999.00, -9999.00, -9999.00, -9999.00, -9999.00, -9999.00, -9999.00
5, 7, LOC_CITY_NAME_PELLA, 0.00, -9999.00, -9999.00, -9999.00, -9999.00, -9999.00, -9999.00, -9999.00, -9999.00, -9999.00, -9999.00
5, 7, LOC_CITY_NAME_AACHEN, -9999.00, -9999.00, -9999.00, -9999.00, -9999.00, -9999.00, -9999.00, -9999.00, -9999.00, -9999.00, -9999.00
5, 7, LOC_CITY_NAME_ROME, 0.00, -9999.00, -9999.00, -9999.00, -9999.00, -9999.00, -9999.00, -9999.00, -9999.00, -9999.00, -9999.00
5, 7, LOC_CITY_HA_NOI, 0.00, -9999.00, -9999.00, -9999.00, -9999.00, -9999.00, -9999.00, -9999.00, -9999.00, -9999.00, -9999.00
5, 8, LOC_CITY_NAME_AACHEN, 2.00, -9999.00, -9999.00, -9999.00, -9999.00, -9999.00, -9999.00, -9999.00, -9999.00, -9999.00, -9999.00
5, 8, LOC_CITY_NAME_RIO_DE_JANEIRO, 2.00, -9999.00, -9999.00, -9999.00, -9999.00, -9999.00, -9999.00, -9999.00, -9999.00, -9999.00, -9999.00
5, 8, LOC_CITY_NAME_PELLA, 2.00, -9999.00, -9999.00, -9999.00, -9999.00, -9999.00, -9999.00, -9999.00, -9999.00, -9999.00, -9999.00
5, 8, LOC_CITY_HA_NOI, -9999.00, -9999.00, -9999.00, -9999.00, -9999.00, -9999.00, -9999.00, -9999.00, -9999.00, -9999.00, -9999.00
5, 8, LOC_CITY_NAME_ROME, 0.00, -9999.00, -9999.00, -9999.00, -9999.00, -9999.00, -9999.00, -9999.00, -9999.00, -9999.00, -9999.00
5, 9, LOC_CITY_HA_NOI, 0.00, -9999.00, -9999.00, -9999.00, -9999.00, -9999.00, -9999.00, -9999.00, -9999.00, -9999.00, -9999.00
5, 9, LOC_CITY_NAME_AACHEN, 2.00, -9999.00, -9999.00, -9999.00, -9999.00, -9999.00, -9999.00, -9999.00, -9999.00, -9999.00, -9999.00
5, 9, LOC_CITY_NAME_RIO_DE_JANEIRO, 2.00, -9999.00, -9999.00, -9999.00, -9999.00, -9999.00, -9999.00, -9999.00, -9999.00, -9999.00, -9999.00
5, 9, LOC_CITY_NAME_PELLA, 2.00, -9999.00, -9999.00, -9999.00, -9999.00, -9999.00, -9999.00, -9999.00, -9999.00, -9999.00, -9999.00
5, 9, LOC_CITY_NAME_ROME, -9999.00, -9999.00, -9999.00, -9999.00, -9999.00, -9999.00, -9999.00, -9999.00, -9999.00, -9999.00, -9999.00
6, 5, LOC_CITY_NAME_PELLA, -9999.00, -9999.00, -9999.00, -9999.00, -9999.00, -9999.00, -9999.00, -9999.00, -9999.00, -9999.00, -9999.00
6, 5, LOC_CITY_NAME_ROME, 0.00, -9999.00, -9999.00, -9999.00, -9999.00, -9999.00, -9999.00, -9999.00, -9999.00, -9999.00, -9999.00
6, 5, LOC_CITY_HA_NOI, 2.00, -9999.00, -9999.00, -9999.00, -9999.00, -9999.00, -9999.00, -9999.00, -9999.00, -9999.00, -9999.00
6, 5, LOC_CITY_NAME_AACHEN, 0.00, -9999.00, -9999.00, -9999.00, -9999.00, -9999.00, -9999.00, -9999.00, -9999.00, -9999.00, -9999.00
6, 5, LOC_CITY_NAME_RIO_DE_JANEIRO, 0.00, -9999.00, -9999.00, -9999.00, -9999.00, -9999.00, -9999.00, -9999.00, -9999.00, -9999.00, -9999.00
6, 6, LOC_CITY_NAME_PELLA, 0.00, -9999.00, -9999.00, -9999.00, -9999.00, -9999.00, -9999.00, -9999.00, -9999.00, -9999.00, -9999.00
6, 6, LOC_CITY_NAME_RIO_DE_JANEIRO, -9999.00, -9999.00, -9999.00, -9999.00, -9999.00, -9999.00, -9999.00, -9999.00, -9999.00, -9999.00, -9999.00
6, 6, LOC_CITY_NAME_ROME, 0.00, -9999.00, -9999.00, -9999.00, -9999.00, -9999.00, -9999.00, -9999.00, -9999.00, -9999.00, -9999.00
6, 6, LOC_CITY_HA_NOI, 2.00, -9999.00, -9999.00, -9999.00, -9999.00, -9999.00, -9999.00, -9999.00, -9999.00, -9999.00, -9999.00
6, 6, LOC_CITY_NAME_AACHEN, 0.00, -9999.00, -9999.00, -9999.00, -9999.00, -9999.00, -9999.00, -9999.00, -9999.00, -9999.00, -9999.00
6, 7, LOC_CITY_NAME_RIO_DE_JANEIRO, 0.00, -9999.00, -9999.00, -9999.00, -9999.00, -9999.00, -9999.00, -9999.00, -9999.00, -9999.00, -9999.00
6, 7, LOC_CITY_NAME_PELLA, 0.00, -9999.00, -9999.00, -9999.00, -9999.00, -9999.00, -9999.00, -9999.00, -9999.00, -9999.00, -9999.00
6, 7, LOC_CITY_NAME_AACHEN, -9999.00, -9999.00, -9999.00, -9999.00, -9999.00, -9999.00, -9999.00, -9999.00, -9999.00, -9999.00, -9999.00
6, 7, LOC_CITY_NAME_ROME, 0.00, -9999.00, -9999.00, -9999.00, -9999.00, -9999.00, -9999.00, -9999.00, -9999.00, -9999.00, -9999.00
6, 7, LOC_CITY_HA_NOI, 2.00, -9999.00, -9999.00, -9999.00, -9999.00, -9999.00, -9999.00, -9999.00, -9999.00, -9999.00, -9999.00
6, 8, LOC_CITY_NAME_AACHEN, 0.00, -9999.00, -9999.00, -9999.00, -9999.00, -9999.00, -9999.00, -9999.00, -9999.00, -9999.00, -9999.00
6, 8, LOC_CITY_NAME_RIO_DE_JANEIRO, 0.00, -9999.00, -9999.00, -9999.00, -9999.00, -9999.00, -9999.00, -9999.00, -9999.00, -9999.00, -9999.00
6, 8, LOC_CITY_NAME_PELLA, 0.00, -9999.00, -9999.00, -9999.00, -9999.00, -9999.00, -9999.00, -9999.00, -9999.00, -9999.00, -9999.00
6, 8, LOC_CITY_HA_NOI, -9999.00, -9999.00, -9999.00, -9999.00, -9999.00, -9999.00, -9999.00, -9999.00, -9999.00, -9999.00, -9999.00
6, 8, LOC_CITY_NAME_ROME, 0.00, -9999.00, -9999.00, -9999.00, -9999.00, -9999.00, -9999.00, -9999.00, -9999.00, -9999.00, -9999.00
6, 8, LOC_CITY_HUE, -9999.00, -9999.00, -9999.00, -9999.00, -9999.00, -9999.00, -9999.00, -9999.00, -9999.00, -9999.00, -9999.00
6, 9, LOC_CITY_HA_NOI, 2.00, -9999.00, -9999.00, -9999.00, -9999.00, -9999.00, -9999.00, -9999.00, -9999.00, -9999.00, -9999.00
6, 9, LOC_CITY_NAME_AACHEN, 0.00, -9999.00, -9999.00, -9999.00, -9999.00, -9999.00, -9999.00, -9999.00, -9999.00, -9999.00, -9999.00
6, 9, LOC_CITY_NAME_RIO_DE_JANEIRO, 0.00, -9999.00, -9999.00, -9999.00, -9999.00, -9999.00, -9999.00, -9999.00, -9999.00, -9999.00, -9999.00
6, 9, LOC_CITY_NAME_PELLA, 0.00, -9999.00, -9999.00, -9999.00, -9999.00, -9999.00, -9999.00, -9999.00, -9999.00, -9999.00, -9999.00
6, 9, LOC_CITY_NAME_ROME, -9999.00, -9999.00, -9999.00, -9999.00, -9999.00, -9999.00, -9999.00, -9999.00, -9999.00, -9999.00, -9999.00
6, 9, LOC_CITY_HUE, 2.00, -9999.00, -9999.00, -9999.00, -9999.00, -9999.00, -9999.00, -9999.00, -9999.00, -9999.00, -9999.00
7, 5, LOC_CITY_NAME_PELLA, -9999.00, -9999.00, -9999.00, -9999.00, -9999.00, -9999.00, -9999.00, -9999.00, -9999.00, -9999.00, -9999.00
7, 5, LOC_CITY_NAME_ROME, 0.00, -9999.00, -9999.00, -9999.00, -9999.00, -9999.00, -9999.00, -9999.00, -9999.00, -9999.00, -9999.00
7, 5, LOC_CITY_HA_NOI, 0.00, -9999.00, -9999.00, -9999.00, -9999.00, -9999.00, -9999.00, -9999.00, -9999.00, -9999.00, -9999.00
7, 5, LOC_CITY_NAME_AACHEN, 0.00, -9999.00, -9999.00, -9999.00, -9999.00, -9999.00, -9999.00, -9999.00, -9999.00, -9999.00, -9999.00
7, 5, LOC_CITY_NAME_RIO_DE_JANEIRO, 2.00, -9999.00, -9999.00, -9999.00, -9999.00, -9999.00, -9999.00, -9999.00, -9999.00, -9999.00, -9999.00
7, 5, LOC_CITY_HUE, 0.00, -9999.00, -9999.00, -9999.00, -9999.00, -9999.00, -9999.00, -9999.00, -9999.00, -9999.00, -9999.00
7, 5, LOC_CITY_NAME_JERUSALEM, -9999.00, -9999.00, -9999.00, -9999.00, -9999.00, -9999.00, -9999.00, -9999.00, 0.00, -9999.00, -9999.00
7, 5, LOC_CITY_NAME_ALEXANDRIA_TROAS, -9999.00, -9999.00, -9999.00, -9999.00, -9999.00, -9999.00, -9999.00, -9999.00, -9999.00, -9999.00, -9999.00
7, 6, LOC_CITY_NAME_PELLA, 0.00, -9999.00, -9999.00, -9999.00, -9999.00, -9999.00, -9999.00, -9999.00, -9999.00, -9999.00, -9999.00
7, 6, LOC_CITY_NAME_RIO_DE_JANEIRO, -9999.00, -9999.00, -9999.00, -9999.00, -9999.00, -9999.00, -9999.00, -9999.00, -9999.00, -9999.00, -9999.00
7, 6, LOC_CITY_NAME_ROME, 0.00, -9999.00, -9999.00, -9999.00, -9999.00, -9999.00, -9999.00, -9999.00, -9999.00, -9999.00, -9999.00
7, 6, LOC_CITY_HA_NOI, 0.00, -9999.00, -9999.00, -9999.00, -9999.00, -9999.00, -9999.00, -9999.00, -9999.00, -9999.00, -9999.00
7, 6, LOC_CITY_NAME_AACHEN, 0.00, -9999.00, -9999.00, -9999.00, -9999.00, -9999.00, -9999.00, -9999.00, -9999.00, -9999.00, -9999.00
7, 6, LOC_CITY_HUE, 0.00, -9999.00, -9999.00, -9999.00, -9999.00, -9999.00, -9999.00, -9999.00, -9999.00, -9999.00, -9999.00
7, 6, LOC_CITY_NAME_JERUSALEM, -9999.00, -9999.00, -9999.00, -9999.00, -9999.00, -9999.00, -9999.00, -9999.00, 0.00, -9999.00, -9999.00
7, 6, LOC_CITY_NAME_ALEXANDRIA_TROAS, 0.00, -9999.00, -9999.00, -9999.00, -9999.00, -9999.00, -9999.00, -9999.00, -9999.00, -9999.00, -9999.00
7, 6, LOC_CITY_NAME_SAO_PAULO, -9999.00, -9999.00, -9999.00, -9999.00, -9999.00, -9999.00, -9999.00, -9999.00, -9999.00, -9999.00, -9999.00
7, 7, LOC_CITY_NAME_RIO_DE_JANEIRO, 2.00, -9999.00, -9999.00, -9999.00, -9999.00, -9999.00, -9999.00, -9999.00, -9999.00, -9999.00, -9999.00
7, 7, LOC_CITY_NAME_PELLA, 2.00, -9999.00, -9999.00, -9999.00, -9999.00, -9999.00, -9999.00, -9999.00, -9999.00, -9999.00, -9999.00
7, 7, LOC_CITY_NAME_AACHEN, -9999.00, -9999.00, -9999.00, -9999.00, -9999.00, -9999.00, -9999.00, -9999.00, -9999.00, -9999.00, -9999.00
7, 7, LOC_CITY_NAME_ROME, 0.00, -9999.00, -9999.00, -9999.00, -9999.00, -9999.00, -9999.00, -9999.00, -9999.00, -9999.00, -9999.00
7, 7, LOC_CITY_HA_NOI, 0.00, -9999.00, -9999.00, -9999.00, -9999.00, -9999.00, -9999.00, -9999.00, -9999.00, -9999.00, -9999.00
7, 7, LOC_CITY_HUE, 0.00, -9999.00, -9999.00, -9999.00, -9999.00, -9999.00, -9999.00, -9999.00, -9999.00, -9999.00, -9999.00
7, 7, LOC_CITY_NAME_JERUSALEM, -9999.00, -9999.00, -9999.00, -9999.00, -9999.00, -9999.00, -9999.00, -9999.00, 0.00, -9999.00, -9999.00
7, 7, LOC_CITY_NAME_SAO_PAULO, 2.00, -9999.00, -9999.00, -9999.00, -9999.00, -9999.00, -9999.00, -9999.00, -9999.00, -9999.00, -9999.00
7, 7, LOC_CITY_NAME_ALEXANDRIA_TROAS, 2.00, -9999.00, -9999.00, -9999.00, -9999.00, -9999.00, -9999.00, -9999.00, -9999.00, -9999.00, -9999.00
7, 8, LOC_CITY_NAME_AACHEN, 1.00, -9999.00, -9999.00, -9999.00, -9999.00, -9999.00, -9999.00, -9999.00, -9999.00, -9999.00, -9999.00
7, 8, LOC_CITY_NAME_RIO_DE_JANEIRO, 3.00, -9999.00, -9999.00, -9999.00, -9999.00, -9999.00, -9999.00, -9999.00, -9999.00, -9999.00, -9999.00
7, 8, LOC_CITY_NAME_PELLA, 3.00, -9999.00, -9999.00, -9999.00, -9999.00, -9999.00, -9999.00, -9999.00, -9999.00, -9999.00, -9999.00
7, 8, LOC_CITY_HA_NOI, -9999.00, -9999.00, -9999.00, -9999.00, -9999.00, -9999.00, -9999.00, -9999.00, -9999.00, -9999.00, -9999.00
7, 8, LOC_CITY_NAME_ROME, 1.00, -9999.00, -9999.00, -9999.00, -9999.00, -9999.00, -9999.00, -9999.00, -9999.00, -9999.00, -9999.00
7, 8, LOC_CITY_HUE, -9999.00, -9999.00, -9999.00, -9999.00, -9999.00, -9999.00, -9999.00, -9999.00, -9999.00, -9999.00, -9999.00
7, 8, LOC_CITY_NAME_JERUSALEM, -9999.00, -9999.00, -9999.00, -9999.00, -9999.00, -9999.00, -9999.00, -9999.00, 0.00, -9999.00, -9999.00
7, 8, LOC_CITY_NAME_SAO_PAULO, 3.00, -9999.00, -9999.00, -9999.00, -9999.00, -9999.00, -9999.00, -9999.00, -9999.00, -9999.00, -9999.00
7, 8, LOC_CITY_NAME_ALEXANDRIA_TROAS, 3.00, -9999.00, -9999.00, -9999.00, -9999.00, -9999.00, -9999.00, -9999.00, -9999.00, -9999.00, -9999.00
7, 9, LOC_CITY_HA_NOI, 2.00, -9999.00, -9999.00, -9999.00, -9999.00, -9999.00, -9999.00, -9999.00, -9999.00, -9999.00, -9999.00
7, 9, LOC_CITY_NAME_AACHEN, 2.00, -9999.00, -9999.00, -9999.00, -9999.00, -9999.00, -9999.00, -9999.00, -9999.00, -9999.00, -9999.00
7, 9, LOC_CITY_NAME_RIO_DE_JANEIRO, 2.00, -9999.00, -9999.00, -9999.00, -9999.00, -9999.00, -9999.00, -9999.00, -9999.00, -9999.00, -9999.00
7, 9, LOC_CITY_NAME_PELLA, 2.00, -9999.00, -9999.00, -9999.00, -9999.00, -9999.00, -9999.00, -9999.00, -9999.00, -9999.00, -9999.00
7, 9, LOC_CITY_NAME_ROME, -9999.00, -9999.00, -9999.00, -9999.00, -9999.00, -9999.00, -9999.00, -9999.00, -9999.00, -9999.00, -9999.00
7, 9, LOC_CITY_HUE, 2.00, -9999.00, -9999.00, -9999.00, -9999.00, -9999.00, -9999.00, -9999.00, -9999.00, -9999.00, -9999.00
7, 9, LOC_CITY_NAME_JERUSALEM, -9999.00, -9999.00, -9999.00, -9999.00, -9999.00, -9999.00, -9999.00, -9999.00, 0.00, -9999.00, -9999.00
7, 9, LOC_CITY_NAME_SAO_PAULO, 2.00, -9999.00, -9999.00, -9999.00, -9999.00, -9999.00, -9999.00, -9999.00, -9999.00, -9999.00, -9999.00
7, 9, LOC_CITY_NAME_ALEXANDRIA_TROAS, 2.00, -9999.00, -9999.00, -9999.00, -9999.00, -9999.00, -9999.00, -9999.00, -9999.00, -9999.00, -9999.00
8, 5, LOC_CITY_NAME_PELLA, -9999.00, -9999.00, -9999.00, -9999.00, -9999.00, -9999.00, -9999.00, -9999.00, -9999.00, -9999.00, -9999.00
8, 5, LOC_CITY_NAME_ROME, 1.00, -9999.00, -9999.00, -9999.00, -9999.00, -9999.00, -9999.00, -9999.00, -9999.00, -9999.00, -9999.00
8, 5, LOC_CITY_HA_NOI, 3.00, -9999.00, -9999.00, -9999.00, -9999.00, -9999.00, -9999.00, -9999.00, -9999.00, -9999.00, -9999.00
8, 5, LOC_CITY_NAME_AACHEN, 3.00, -9999.00, -9999.00, -9999.00, -9999.00, -9999.00, -9999.00, -9999.00, -9999.00, -9999.00, -9999.00
8, 5, LOC_CITY_NAME_RIO_DE_JANEIRO, 3.00, -9999.00, -9999.00, -9999.00, -9999.00, -9999.00, -9999.00, -9999.00, -9999.00, -9999.00, -9999.00
8, 5, LOC_CITY_HUE, 3.00, -9999.00, -9999.00, -9999.00, -9999.00, -9999.00, -9999.00, -9999.00, -9999.00, -9999.00, -9999.00
8, 5, LOC_CITY_NAME_JERUSALEM, -9999.00, -9999.00, -9999.00, -9999.00, -9999.00, -9999.00, -9999.00, -9999.00, 0.00, -9999.00, -9999.00
8, 5, LOC_CITY_NAME_ALEXANDRIA_TROAS, -9999.00, -9999.00, -9999.00, -9999.00, -9999.00, -9999.00, -9999.00, -9999.00, -9999.00, -9999.00, -9999.00
8, 5, LOC_CITY_NAME_SAO_PAULO, 3.00, -9999.00, -9999.00, -9999.00, -9999.00, -9999.00, -9999.00, -9999.00, -9999.00, -9999.00, -9999.00
8, 6, LOC_CITY_NAME_PELLA, 1.00, -9999.00, -9999.00, -9999.00, -9999.00, -9999.00, -9999.00, -9999.00, -9999.00, -9999.00, -9999.00
8, 6, LOC_CITY_NAME_RIO_DE_JANEIRO, -9999.00, -9999.00, -9999.00, -9999.00, -9999.00, -9999.00, -9999.00, -9999.00, -9999.00, -9999.00, -9999.00
8, 6, LOC_CITY_NAME_ROME, 1.00, -9999.00, -9999.00, -9999.00, -9999.00, -9999.00, -9999.00, -9999.00, -9999.00, -9999.00, -9999.00
8, 6, LOC_CITY_HA_NOI, 1.00, -9999.00, -9999.00, -9999.00, -9999.00, -9999.00, -9999.00, -9999.00, -9999.00, -9999.00, -9999.00
8, 6, LOC_CITY_NAME_AACHEN, 1.00, -9999.00, -9999.00, -9999.00, -9999.00, -9999.00, -9999.00, -9999.00, -9999.00, -9999.00, -9999.00
8, 6, LOC_CITY_HUE, 1.00, -9999.00, -9999.00, -9999.00, -9999.00, -9999.00, -9999.00, -9999.00, -9999.00, -9999.00, -9999.00
8, 6, LOC_CITY_NAME_JERUSALEM, -9999.00, -9999.00, -9999.00, -9999.00, -9999.00, -9999.00, -9999.00, -9999.00, 0.00, -9999.00, -9999.00
8, 6, LOC_CITY_NAME_ALEXANDRIA_TROAS, 1.00, -9999.00, -9999.00, -9999.00, -9999.00, -9999.00, -9999.00, -9999.00, -9999.00, -9999.00, -9999.00
8, 6, LOC_CITY_NAME_SAO_PAULO, -9999.00, -9999.00, -9999.00, -9999.00, -9999.00, -9999.00, -9999.00, -9999.00, -9999.00, -9999.00, -9999.00
8, 7, LOC_CITY_NAME_RIO_DE_JANEIRO, 3.00, -9999.00, -9999.00, -9999.00, -9999.00, -9999.00, -9999.00, -9999.00, -9999.00, -9999.00, -9999.00
8, 7, LOC_CITY_NAME_PELLA, 1.00, -9999.00, -9999.00, -9999.00, -9999.00, -9999.00, -9999.00, -9999.00, -9999.00, -9999.00, -9999.00
8, 7, LOC_CITY_NAME_AACHEN, -9999.00, -9999.00, -9999.00, -9999.00, -9999.00, -9999.00, -9999.00, -9999.00, -9999.00, -9999.00, -9999.00
8, 7, LOC_CITY_NAME_ROME, 1.00, -9999.00, -9999.00, -9999.00, -9999.00, -9999.00, -9999.00, -9999.00, -9999.00, -9999.00, -9999.00
8, 7, LOC_CITY_HA_NOI, 1.00, -9999.00, -9999.00, -9999.00, -9999.00, -9999.00, -9999.00, -9999.00, -9999.00, -9999.00, -9999.00
8, 7, LOC_CITY_HUE, 1.00, -9999.00, -9999.00, -9999.00, -9999.00, -9999.00, -9999.00, -9999.00, -9999.00, -9999.00, -9999.00
8, 7, LOC_CITY_NAME_JERUSALEM, -9999.00, -9999.00, -9999.00, -9999.00, -9999.00, -9999.00, -9999.00, -9999.00, 0.00, -9999.00, -9999.00
8, 7, LOC_CITY_NAME_SAO_PAULO, 3.00, -9999.00, -9999.00, -9999.00, -9999.00, -9999.00, -9999.00, -9999.00, -9999.00, -9999.00, -9999.00
8, 7, LOC_CITY_NAME_ALEXANDRIA_TROAS, 1.00, -9999.00, -9999.00, -9999.00, -9999.00, -9999.00, -9999.00, -9999.00, -9999.00, -9999.00, -9999.00
8, 8, LOC_CITY_NAME_AACHEN, 1.00, -9999.00, -9999.00, -9999.00, -9999.00, -9999.00, -9999.00, -9999.00, -9999.00, -9999.00, -9999.00
8, 8, LOC_CITY_NAME_RIO_DE_JANEIRO, 3.00, -9999.00, -9999.00, -9999.00, -9999.00, -9999.00, -9999.00, -9999.00, -9999.00, -9999.00, -9999.00
8, 8, LOC_CITY_NAME_PELLA, 1.00, -9999.00, -9999.00, -9999.00, -9999.00, -9999.00, -9999.00, -9999.00, -9999.00, -9999.00, -9999.00
8, 8, LOC_CITY_HA_NOI, -9999.00, -9999.00, -9999.00, -9999.00, -9999.00, -9999.00, -9999.00, -9999.00, -9999.00, -9999.00, -9999.00
8, 8, LOC_CITY_NAME_ROME, 1.00, -9999.00, -9999.00, -9999.00, -9999.00, -9999.00, -9999.00, -9999.00, -9999.00, -9999.00, -9999.00
8, 8, LOC_CITY_HUE, -9999.00, -9999.00, -9999.00, -9999.00, -9999.00, -9999.00, -9999.00, -9999.00, -9999.00, -9999.00, -9999.00
8, 8, LOC_CITY_NAME_JERUSALEM, -9999.00, -9999.00, -9999.00, -9999.00, -9999.00, -9999.00, -9999.00, -9999.00, 0.00, -9999.00, -9999.00
8, 8, LOC_CITY_NAME_SAO_PAULO, 3.00, -9999.00, -9999.00, -9999.00, -9999.00, -9999.00, -9999.00, -9999.00, -9999.00, -9999.00, -9999.00
8, 8, LOC_CITY_NAME_ALEXANDRIA_TROAS, 1.00, -9999.00, -9999.00, -9999.00, -9999.00, -9999.00, -9999.00, -9999.00, -9999.00, -9999.00, -9999.00
8, 9, LOC_CITY_HA_NOI, 2.00, -9999.00, -9999.00, -9999.00, -9999.00, -9999.00, -9999.00, -9999.00, -9999.00, -9999.00, -9999.00
8, 9, LOC_CITY_NAME_AACHEN, 2.00, -9999.00, -9999.00, -9999.00, -9999.00, -9999.00, -9999.00, -9999.00, -9999.00, -9999.00, -9999.00
8, 9, LOC_CITY_NAME_RIO_DE_JANEIRO, 2.00, -9999.00, -9999.00, -9999.00, -9999.00, -9999.00, -9999.00, -9999.00, -9999.00, -9999.00, -9999.00
8, 9, LOC_CITY_NAME_PELLA, 2.00, -9999.00, -9999.00, -9999.00, -9999.00, -9999.00, -9999.00, -9999.00, -9999.00, -9999.00, -9999.00
8, 9, LOC_CITY_NAME_ROME, -9999.00, -9999.00, -9999.00, -9999.00, -9999.00, -9999.00, -9999.00, -9999.00, -9999.00, -9999.00, -9999.00
8, 9, LOC_CITY_HUE, 2.00, -9999.00, -9999.00, -9999.00, -9999.00, -9999.00, -9999.00, -9999.00, -9999.00, -9999.00, -9999.00
8, 9, LOC_CITY_NAME_JERUSALEM, -9999.00, -9999.00, -9999.00, -9999.00, -9999.00, -9999.00, -9999.00, -9999.00, 0.00, -9999.00, -9999.00
8, 9, LOC_CITY_NAME_SAO_PAULO, 2.00, -9999.00, -9999.00, -9999.00, -9999.00, -9999.00, -9999.00, -9999.00, -9999.00, -9999.00, -9999.00
8, 9, LOC_CITY_NAME_ALEXANDRIA_TROAS, 2.00, -9999.00, -9999.00, -9999.00, -9999.00, -9999.00, -9999.00, -9999.00, -9999.00, -9999.00, -9999.00
8, 9, LOC_CITY_NAME_ARRETIUM, -9999.00, -9999.00, -9999.00, -9999.00, -9999.00, -9999.00, -9999.00, -9999.00, -9999.00, -9999.00, -9999.00
9, 5, LOC_CITY_NAME_PELLA, -9999.00, -9999.00, -9999.00, -9999.00, -9999.00, -9999.00, -9999.00, -9999.00, -9999.00, -9999.00, -9999.00
9, 5, LOC_CITY_NAME_ROME, 1.00, -9999.00, -9999.00, -9999.00, -9999.00, -9999.00, -9999.00, -9999.00, -9999.00, -9999.00, -9999.00
9, 5, LOC_CITY_HA_NOI, 3.00, -9999.00, -9999.00, -9999.00, -9999.00, -9999.00, -9999.00, -9999.00, -9999.00, -9999.00, -9999.00
9, 5, LOC_CITY_NAME_AACHEN, 3.00, -9999.00, -9999.00, -9999.00, -9999.00, -9999.00, -9999.00, -9999.00, -9999.00, -9999.00, -9999.00
9, 5, LOC_CITY_NAME_RIO_DE_JANEIRO, 1.00, -9999.00, -9999.00, -9999.00, -9999.00, -9999.00, -9999.00, -9999.00, -9999.00, -9999.00, -9999.00
9, 5, LOC_CITY_HUE, 3.00, -9999.00, -9999.00, -9999.00, -9999.00, -9999.00, -9999.00, -9999.00, -9999.00, -9999.00, -9999.00
9, 5, LOC_CITY_NAME_JERUSALEM, -9999.00, -9999.00, -9999.00, -9999.00, -9999.00, -9999.00, -9999.00, -9999.00, 0.00, -9999.00, -9999.00
9, 5, LOC_CITY_NAME_ALEXANDRIA_TROAS, -9999.00, -9999.00, -9999.00, -9999.00, -9999.00, -9999.00, -9999.00, -9999.00, -9999.00, -9999.00, -9999.00
9, 5, LOC_CITY_NAME_SAO_PAULO, 1.00, -9999.00, -9999.00, -9999.00, -9999.00, -9999.00, -9999.00, -9999.00, -9999.00, -9999.00, -9999.00
9, 5, LOC_CITY_NAME_ARRETIUM, 1.00, -9999.00, -9999.00, -9999.00, -9999.00, -9999.00, -9999.00, -9999.00, -9999.00, -9999.00, -9999.00
9, 6, LOC_CITY_NAME_PELLA, 3.00, -9999.00, -9999.00, -9999.00, -9999.00, -9999.00, -9999.00, -9999.00, -9999.00, -9999.00, -9999.00
9, 6, LOC_CITY_NAME_RIO_DE_JANEIRO, -9999.00, -9999.00, -9999.00, -9999.00, -9999.00, -9999.00, -9999.00, -9999.00, -9999.00, -9999.00, -9999.00
9, 6, LOC_CITY_NAME_ROME, 1.00, -9999.00, -9999.00, -9999.00, -9999.00, -9999.00, -9999.00, -9999.00, -9999.00, -9999.00, -9999.00
9, 6, LOC_CITY_HA_NOI, 3.00, -9999.00, -9999.00, -9999.00, -9999.00, -9999.00, -9999.00, -9999.00, -9999.00, -9999.00, -9999.00
9, 6, LOC_CITY_NAME_AACHEN, 3.00, -9999.00, -9999.00, -9999.00, -9999.00, -9999.00, -9999.00, -9999.00, -9999.00, -9999.00, -9999.00
9, 6, LOC_CITY_HUE, 3.00, -9999.00, -9999.00, -9999.00, -9999.00, -9999.00, -9999.00, -9999.00, -9999.00, -9999.00, -9999.00
9, 6, LOC_CITY_NAME_JERUSALEM, -9999.00, -9999.00, -9999.00, -9999.00, -9999.00, -9999.00, -9999.00, -9999.00, 0.00, -9999.00, -9999.00
9, 6, LOC_CITY_NAME_ALEXANDRIA_TROAS, 3.00, -9999.00, -9999.00, -9999.00, -9999.00, -9999.00, -9999.00, -9999.00, -9999.00, -9999.00, -9999.00
9, 6, LOC_CITY_NAME_SAO_PAULO, -9999.00, -9999.00, -9999.00, -9999.00, -9999.00, -9999.00, -9999.00, -9999.00, -9999.00, -9999.00, -9999.00
9, 6, LOC_CITY_NAME_ARRETIUM, 1.00, -9999.00, -9999.00, -9999.00, -9999.00, -9999.00, -9999.00, -9999.00, -9999.00, -9999.00, -9999.00
9, 7, LOC_CITY_NAME_RIO_DE_JANEIRO, 1.00, -9999.00, -9999.00, -9999.00, -9999.00, -9999.00, -9999.00, -9999.00, -9999.00, -9999.00, -9999.00
9, 7, LOC_CITY_NAME_PELLA, 1.00, -9999.00, -9999.00, -9999.00, -9999.00, -9999.00, -9999.00, -9999.00, -9999.00, -9999.00, -9999.00
9, 7, LOC_CITY_NAME_AACHEN, -9999.00, -9999.00, -9999.00, -9999.00, -9999.00, -9999.00, -9999.00, -9999.00, -9999.00, -9999.00, -9999.00
9, 7, LOC_CITY_NAME_ROME, 1.00, -9999.00, -9999.00, -9999.00, -9999.00, -9999.00, -9999.00, -9999.00, -9999.00, -9999.00, -9999.00
9, 7, LOC_CITY_HA_NOI, 1.00, -9999.00, -9999.00, -9999.00, -9999.00, -9999.00, -9999.00, -9999.00, -9999.00, -9999.00, -9999.00
9, 7, LOC_CITY_HUE, 1.00, -9999.00, -9999.00, -9999.00, -9999.00, -9999.00, -9999.00, -9999.00, -9999.00, -9999.00, -9999.00
9, 7, LOC_CITY_NAME_JERUSALEM, -9999.00, -9999.00, -9999.00, -9999.00, -9999.00, -9999.00, -9999.00, -9999.00, 0.00, -9999.00, -9999.00
9, 7, LOC_CITY_NAME_SAO_PAULO, 1.00, -9999.00, -9999.00, -9999.00, -9999.00, -9999.00, -9999.00, -9999.00, -9999.00, -9999.00, -9999.00
9, 7, LOC_CITY_NAME_ALEXANDRIA_TROAS, 1.00, -9999.00, -9999.00, -9999.00, -9999.00, -9999.00, -9999.00, -9999.00, -9999.00, -9999.00, -9999.00
9, 7, LOC_CITY_NAME_ARRETIUM, 1.00, -9999.00, -9999.00, -9999.00, -9999.00, -9999.00, -9999.00, -9999.00, -9999.00, -9999.00, -9999.00
9, 7, LOC_CITY_NAME_MAGDEBURG, -9999.00, -9999.00, -9999.00, -9999.00, -9999.00, -9999.00, -9999.00, -9999.00, -9999.00, -9999.00, -9999.00
9, 8, LOC_CITY_NAME_AACHEN, 1.00, -9999.00, -9999.00, -9999.00, -9999.00, -9999.00, -9999.00, -9999.00, -9999.00, -9999.00, -9999.00
9, 8, LOC_CITY_NAME_RIO_DE_JANEIRO, 1.00, -9999.00, -9999.00, -9999.00, -9999.00, -9999.00, -9999.00, -9999.00, -9999.00, -9999.00, -9999.00
9, 8, LOC_CITY_NAME_PELLA, 1.00, -9999.00, -9999.00, -9999.00, -9999.00, -9999.00, -9999.00, -9999.00, -9999.00, -9999.00, -9999.00
9, 8, LOC_CITY_HA_NOI, -9999.00, -9999.00, -9999.00, -9999.00, -9999.00, -9999.00, -9999.00, -9999.00, -9999.00, -9999.00, -9999.00
9, 8, LOC_CITY_NAME_ROME, 1.00, -9999.00, -9999.00, -9999.00, -9999.00, -9999.00, -9999.00, -9999.00, -9999.00, -9999.00, -9999.00
9, 8, LOC_CITY_HUE, -9999.00, -9999.00, -9999.00, -9999.00, -9999.00, -9999.00, -9999.00, -9999.00, -9999.00, -9999.00, -9999.00
9, 8, LOC_CITY_NAME_JERUSALEM, -9999.00, -9999.00, -9999.00, -9999.00, -9999.00, -9999.00, -9999.00, -9999.00, 0.00, -9999.00, -9999.00
9, 8, LOC_CITY_NAME_SAO_PAULO, 1.00, -9999.00, -9999.00, -9999.00, -9999.00, -9999.00, -9999.00, -9999.00, -9999.00, -9999.00, -9999.00
9, 8, LOC_CITY_NAME_ALEXANDRIA_TROAS, 1.00, -9999.00, -9999.00, -9999.00, -9999.00, -9999.00, -9999.00, -9999.00, -9999.00, -9999.00, -9999.00
9, 8, LOC_CITY_NAME_ARRETIUM, 1.00, -9999.00, -9999.00, -9999.00, -9999.00, -9999.00, -9999.00, -9999.00, -9999.00, -9999.00, -9999.00
9, 8, LOC_CITY_NAME_MAGDEBURG, 1.00, -9999.00, -9999.00, -9999.00, -9999.00, -9999.00, -9999.00, -9999.00, -9999.00, -9999.00, -9999.00
9, 8, LOC_CITY_QUANG_TRI, -9999.00, -9999.00, -9999.00, -9999.00, -9999.00, -9999.00, -9999.00, -9999.00, -9999.00, -9999.00, -9999.00
9, 9, LOC_CITY_HA_NOI, 2.00, -9999.00, -9999.00, -9999.00, -9999.00, -9999.00, -9999.00, -9999.00, -9999.00, -9999.00, -9999.00
9, 9, LOC_CITY_NAME_AACHEN, 2.00, -9999.00, -9999.00, -9999.00, -9999.00, -9999.00, -9999.00, -9999.00, -9999.00, -9999.00, -9999.00
9, 9, LOC_CITY_NAME_RIO_DE_JANEIRO, 2.00, -9999.00, -9999.00, -9999.00, -9999.00, -9999.00, -9999.00, -9999.00, -9999.00, -9999.00, -9999.00
9, 9, LOC_CITY_NAME_PELLA, 2.00, -9999.00, -9999.00, -9999.00, -9999.00, -9999.00, -9999.00, -9999.00, -9999.00, -9999.00, -9999.00
9, 9, LOC_CITY_NAME_ROME, -9999.00, -9999.00, -9999.00, -9999.00, -9999.00, -9999.00, -9999.00, -9999.00, -9999.00, -9999.00, -9999.00
9, 9, LOC_CITY_HUE, 2.00, -9999.00, -9999.00, -9999.00, -9999.00, -9999.00, -9999.00, -9999.00, -9999.00, -9999.00, -9999.00
9, 9, LOC_CITY_NAME_JERUSALEM, -9999.00, -9999.00, -9999.00, -9999.00, -9999.00, -9999.00, -9999.00, -9999.00, 0.00, -9999.00, -9999.00
9, 9, LOC_CITY_NAME_SAO_PAULO, 2.00, -9999.00, -9999.00, -9999.00, -9999.00, -9999.00, -9999.00, -9999.00, -9999.00, -9999.00, -9999.00
9, 9, LOC_CITY_NAME_ALEXANDRIA_TROAS, 2.00, -9999.00, -9999.00, -9999.00, -9999.00, -9999.00, -9999.00, -9999.00, -9999.00, -9999.00, -9999.00
9, 9, LOC_CITY_NAME_ARRETIUM, -9999.00, -9999.00, -9999.00, -9999.00, -9999.00, -9999.00, -9999.00, -9999.00, -9999.00, -9999.00, -9999.00
9, 9, LOC_CITY_QUANG_TRI, 2.00, -9999.00, -9999.00, -9999.00, -9999.00, -9999.00, -9999.00, -9999.00, -9999.00, -9999.00, -9999.00
9, 9, LOC_CITY_NAME_MAGDEBURG, 2.00, -9999.00, -9999.00, -9999.00, -9999.00, -9999.00, -9999.00, -9999.00, -9999.00, -9999.00, -9999.00
10, 5, LOC_CITY_NAME_PELLA, -9999.00, -9999.00, -9999.00, -9999.00, -9999.00, -9999.00, -9999.00, -9999.00, -9999.00, -9999.00, -9999.00
10, 5, LOC_CITY_NAME_ROME, 1.00, -9999.00, -9999.00, -9999.00, -9999.00, -9999.00, -9999.00, -9999.00, -9999.00, -9999.00, -9999.00
10, 5, LOC_CITY_HA_NOI, 3.00, -9999.00, -9999.00, -9999.00, -9999.00, -9999.00, -9999.00, -9999.00, -9999.00, -9999.00, -9999.00
10, 5, LOC_CITY_NAME_AACHEN, 3.00, -9999.00, -9999.00, -9999.00, -9999.00, -9999.00, -9999.00, -9999.00, -9999.00, -9999.00, -9999.00
10, 5, LOC_CITY_NAME_RIO_DE_JANEIRO, 3.00, -9999.00, -9999.00, -9999.00, -9999.00, -9999.00, -9999.00, -9999.00, -9999.00, -9999.00, -9999.00
10, 5, LOC_CITY_HUE, 3.00, -9999.00, -9999.00, -9999.00, -9999.00, -9999.00, -9999.00, -9999.00, -9999.00, -9999.00, -9999.00
10, 5, LOC_CITY_NAME_JERUSALEM, -9999.00, -9999.00, -9999.00, -9999.00, -9999.00, -9999.00, -9999.00, -9999.00, 0.00, -9999.00, -9999.00
10, 5, LOC_CITY_NAME_ALEXANDRIA_TROAS, -9999.00, -9999.00, -9999.00, -9999.00, -9999.00, -9999.00, -9999.00, -9999.00, -9999.00, -9999.00, -9999.00
10, 5, LOC_CITY_NAME_SAO_PAULO, 3.00, -9999.00, -9999.00, -9999.00, -9999.00, -9999.00, -9999.00, -9999.00, -9999.00, -9999.00, -9999.00
10, 5, LOC_CITY_NAME_ARRETIUM, 1.00, -9999.00, -9999.00, -9999.00, -9999.00, -9999.00, -9999.00, -9999.00, -9999.00, -9999.00, -9999.00
10, 5, LOC_CITY_QUANG_TRI, 3.00, -9999.00, -9999.00, -9999.00, -9999.00, -9999.00, -9999.00, -9999.00, -9999.00, -9999.00, -9999.00
10, 5, LOC_CITY_NAME_MAGDEBURG, 3.00, -9999.00, -9999.00, -9999.00, -9999.00, -9999.00, -9999.00, -9999.00, -9999.00, -9999.00, -9999.00
10, 6, LOC_CITY_NAME_PELLA, 1.00, -9999.00, -9999.00, -9999.00, -9999.00, -9999.00, -9999.00, -9999.00, -9999.00, -9999.00, -9999.00
10, 6, LOC_CITY_NAME_RIO_DE_JANEIRO, -9999.00, -9999.00, -9999.00, -9999.00, -9999.00, -9999.00, -9999.00, -9999.00, -9999.00, -9999.00, -9999.00
10, 6, LOC_CITY_NAME_ROME, 1.00, -9999.00, -9999.00, -9999.00, -9999.00, -9999.00, -9999.00, -9999.00, -9999.00, -9999.00, -9999.00
10, 6, LOC_CITY_HA_NOI, 3.00, -9999.00, -9999.00, -9999.00, -9999.00, -9999.00, -9999.00, -9999.00, -9999.00, -9999.00, -9999.00
10, 6, LOC_CITY_NAME_AACHEN, 1.00, -9999.00, -9999.00, -9999.00, -9999.00, -9999.00, -9999.00, -9999.00, -9999.00, -9999.00, -9999.00
10, 6, LOC_CITY_HUE, 3.00, -9999.00, -9999.00, -9999.00, -9999.00, -9999.00, -9999.00, -9999.00, -9999.00, -9999.00, -9999.00
10, 6, LOC_CITY_NAME_JERUSALEM, -9999.00, -9999.00, -9999.00, -9999.00, -9999.00, -9999.00, -9999.00, -9999.00, 0.00, -9999.00, -9999.00
10, 6, LOC_CITY_NAME_ALEXANDRIA_TROAS, 1.00, -9999.00, -9999.00, -9999.00, -9999.00, -9999.00, -9999.00, -9999.00, -9999.00, -9999.00, -9999.00
10, 6, LOC_CITY_NAME_SAO_PAULO, -9999.00, -9999.00, -9999.00, -9999.00, -9999.00, -9999.00, -9999.00, -9999.00, -9999.00, -9999.00, -9999.00
10, 6, LOC_CITY_NAME_ARRETIUM, 1.00, -9999.00, -9999.00, -9999.00, -9999.00, -9999.00, -9999.00, -9999.00, -9999.00, -9999.00, -9999.00
10, 6, LOC_CITY_QUANG_TRI, 3.00, -9999.00, -9999.00, -9999.00, -9999.00, -9999.00, -9999.00, -9999.00, -9999.00, -9999.00, -9999.00
10, 6, LOC_CITY_NAME_MAGDEBURG, 1.00, -9999.00, -9999.00, -9999.00, -9999.00, -9999.00, -9999.00, -9999.00, -9999.00, -9999.00, -9999.00
10, 7, LOC_CITY_NAME_RIO_DE_JANEIRO, 1.00, -9999.00, -9999.00, -9999.00, -9999.00, -9999.00, -9999.00, -9999.00, -9999.00, -9999.00, -9999.00
10, 7, LOC_CITY_NAME_PELLA, 1.00, -9999.00, -9999.00, -9999.00, -9999.00, -9999.00, -9999.00, -9999.00, -9999.00, -9999.00, -9999.00
10, 7, LOC_CITY_NAME_AACHEN, -9999.00, -9999.00, -9999.00, -9999.00, -9999.00, -9999.00, -9999.00, -9999.00, -9999.00, -9999.00, -9999.00
10, 7, LOC_CITY_NAME_ROME, 1.00, -9999.00, -9999.00, -9999.00, -9999.00, -9999.00, -9999.00, -9999.00, -9999.00, -9999.00, -9999.00
10, 7, LOC_CITY_HA_NOI, 3.00, -9999.00, -9999.00, -9999.00, -9999.00, -9999.00, -9999.00, -9999.00, -9999.00, -9999.00, -9999.00
10, 7, LOC_CITY_HUE, 3.00, -9999.00, -9999.00, -9999.00, -9999.00, -9999.00, -9999.00, -9999.00, -9999.00, -9999.00, -9999.00
10, 7, LOC_CITY_NAME_JERUSALEM, -9999.00, -9999.00, -9999.00, -9999.00, -9999.00, -9999.00, -9999.00, -9999.00, 0.00, -9999.00, -9999.00
10, 7, LOC_CITY_NAME_SAO_PAULO, 1.00, -9999.00, -9999.00, -9999.00, -9999.00, -9999.00, -9999.00, -9999.00, -9999.00, -9999.00, -9999.00
10, 7, LOC_CITY_NAME_ALEXANDRIA_TROAS, 1.00, -9999.00, -9999.00, -9999.00, -9999.00, -9999.00, -9999.00, -9999.00, -9999.00, -9999.00, -9999.00
10, 7, LOC_CITY_NAME_ARRETIUM, 1.00, -9999.00, -9999.00, -9999.00, -9999.00, -9999.00, -9999.00, -9999.00, -9999.00, -9999.00, -9999.00
10, 7, LOC_CITY_NAME_MAGDEBURG, -9999.00, -9999.00, -9999.00, -9999.00, -9999.00, -9999.00, -9999.00, -9999.00, -9999.00, -9999.00, -9999.00
10, 7, LOC_CITY_QUANG_TRI, 3.00, -9999.00, -9999.00, -9999.00, -9999.00, -9999.00, -9999.00, -9999.00, -9999.00, -9999.00, -9999.00
10, 8, LOC_CITY_NAME_AACHEN, 1.00, -9999.00, -9999.00, -9999.00, -9999.00, -9999.00, -9999.00, -9999.00, -9999.00, -9999.00, -9999.00
10, 8, LOC_CITY_NAME_RIO_DE_JANEIRO, 1.00, -9999.00, -9999.00, -9999.00, -9999.00, -9999.00, -9999.00, -9999.00, -9999.00, -9999.00, -9999.00
10, 8, LOC_CITY_NAME_PELLA, 1.00, -9999.00, -9999.00, -9999.00, -9999.00, -9999.00, -9999.00, -9999.00, -9999.00, -9999.00, -9999.00
10, 8, LOC_CITY_HA_NOI, -9999.00, -9999.00, -9999.00, -9999.00, -9999.00, -9999.00, -9999.00, -9999.00, -9999.00, -9999.00, -9999.00
10, 8, LOC_CITY_NAME_ROME, 1.00, -9999.00, -9999.00, -9999.00, -9999.00, -9999.00, -9999.00, -9999.00, -9999.00, -9999.00, -9999.00
10, 8, LOC_CITY_HUE, -9999.00, -9999.00, -9999.00, -9999.00, -9999.00, -9999.00, -9999.00, -9999.00, -9999.00, -9999.00, -9999.00
10, 8, LOC_CITY_NAME_JERUSALEM, -9999.00, -9999.00, -9999.00, -9999.00, -9999.00, -9999.00, -9999.00, -9999.00, 0.00, -9999.00, -9999.00
10, 8, LOC_CITY_NAME_SAO_PAULO, 1.00, -9999.00, -9999.00, -9999.00, -9999.00, -9999.00, -9999.00, -9999.00, -9999.00, -9999.00, -9999.00
10, 8, LOC_CITY_NAME_ALEXANDRIA_TROAS, 1.00, -9999.00, -9999.00, -9999.00, -9999.00, -9999.00, -9999.00, -9999.00, -9999.00, -9999.00, -9999.00
10, 8, LOC_CITY_NAME_ARRETIUM, 1.00, -9999.00, -9999.00, -9999.00, -9999.00, -9999.00, -9999.00, -9999.00, -9999.00, -9999.00, -9999.00
10, 8, LOC_CITY_NAME_MAGDEBURG, 1.00, -9999.00, -9999.00, -9999.00, -9999.00, -9999.00, -9999.00, -9999.00, -9999.00, -9999.00, -9999.00
10, 8, LOC_CITY_QUANG_TRI, -9999.00, -9999.00, -9999.00, -9999.00, -9999.00, -9999.00, -9999.00, -9999.00, -9999.00, -9999.00, -9999.00
10, 9, LOC_CITY_HA_NOI, 3.00, -9999.00, -9999.00, -9999.00, -9999.00, -9999.00, -9999.00, -9999.00, -9999.00, -9999.00, -9999.00
10, 9, LOC_CITY_NAME_AACHEN, 3.00, -9999.00, -9999.00, -9999.00, -9999.00, -9999.00, -9999.00, -9999.00, -9999.00, -9999.00, -9999.00
10, 9, LOC_CITY_NAME_RIO_DE_JANEIRO, 3.00, -9999.00, -9999.00, -9999.00, -9999.00, -9999.00, -9999.00, -9999.00, -9999.00, -9999.00, -9999.00
10, 9, LOC_CITY_NAME_PELLA, 3.00, -9999.00, -9999.00, -9999.00, -9999.00, -9999.00, -9999.00, -9999.00, -9999.00, -9999.00, -9999.00
10, 9, LOC_CITY_NAME_ROME, -9999.00, -9999.00, -9999.00, -9999.00, -9999.00, -9999.00, -9999.00, -9999.00, -9999.00, -9999.00, -9999.00
10, 9, LOC_CITY_HUE, 3.00, -9999.00, -9999.00, -9999.00, -9999.00, -9999.00, -9999.00, -9999.00, -9999.00, -9999.00, -9999.00
10, 9, LOC_CITY_NAME_JERUSALEM, -9999.00, -9999.00, -9999.00, -9999.00, -9999.00, -9999.00, -9999.00, -9999.00, 0.00, -9999.00, -9999.00
10, 9, LOC_CITY_NAME_SAO_PAULO, 3.00, -9999.00, -9999.00, -9999.00, -9999.00, -9999.00, -9999.00, -9999.00, -9999.00, -9999.00, -9999.00
10, 9, LOC_CITY_NAME_ALEXANDRIA_TROAS, 3.00, -9999.00, -9999.00, -9999.00, -9999.00, -9999.00, -9999.00, -9999.00, -9999.00, -9999.00, -9999.00
10, 9, LOC_CITY_NAME_ARRETIUM, -9999.00, -9999.00, -9999.00, -9999.00, -9999.00, -9999.00, -9999.00, -9999.00, -9999.00, -9999.00, -9999.00
10, 9, LOC_CITY_QUANG_TRI, 3.00, -9999.00, -9999.00, -9999.00, -9999.00, -9999.00, -9999.00, -9999.00, -9999.00, -9999.00, -9999.00
10, 9, LOC_CITY_NAME_MAGDEBURG, 3.00, -9999.00, -9999.00, -9999.00, -9999.00, -9999.00, -9999.00, -9999.00, -9999.00, -9999.00, -9999.00
11, 5, LOC_CITY_NAME_PELLA, -9999.00, -9999.00, -9999.00, -9999.00, -9999.00, -9999.00, -9999.00, -9999.00, -9999.00, -9999.00, -9999.00
11, 5, LOC_CITY_NAME_ROME, 1.00, -9999.00, -9999.00, -9999.00, -9999.00, -9999.00, -9999.00, -9999.00, -9999.00, -9999.00, -9999.00
11, 5, LOC_CITY_HA_NOI, 3.00, -9999.00, -9999.00, -9999.00, -9999.00, -9999.00, -9999.00, -9999.00, -9999.00, -9999.00, -9999.00
11, 5, LOC_CITY_NAME_AACHEN, 3.00, -9999.00, -9999.00, -9999.00, -9999.00, -9999.00, -9999.00, -9999.00, -9999.00, -9999.00, -9999.00
11, 5, LOC_CITY_NAME_RIO_DE_JANEIRO, 3.00, -9999.00, -9999.00, -9999.00, -9999.00, -9999.00, -9999.00, -9999.00, -9999.00, -9999.00, -9999.00
11, 5, LOC_CITY_HUE, 3.00, -9999.00, -9999.00, -9999.00, -9999.00, -9999.00, -9999.00, -9999.00, -9999.00, -9999.00, -9999.00
11, 5, LOC_CITY_NAME_JERUSALEM, -9999.00, -9999.00, -9999.00, -9999.00, -9999.00, -9999.00, -9999.00, -9999.00, 0.00, -9999.00, -9999.00
11, 5, LOC_CITY_NAME_ALEXANDRIA_TROAS, -9999.00, -9999.00, -9999.00, -9999.00, -9999.00, -9999.00, -9999.00, -9999.00, -9999.00, -9999.00, -9999.00
11, 5, LOC_CITY_NAME_SAO_PAULO, 3.00, -9999.00, -9999.00, -9999.00, -9999.00, -9999.00, -9999.00, -9999.00, -9999.00, -9999.00, -9999.00
11, 5, LOC_CITY_NAME_ARRETIUM, 1.00, -9999.00, -9999.00, -9999.00, -9999.00, -9999.00, -9999.00, -9999.00, -9999.00, -9999.00, -9999.00
11, 5, LOC_CITY_QUANG_TRI, 3.00, -9999.00, -9999.00, -9999.00, -9999.00, -9999.00, -9999.00, -9999.00, -9999.00, -9999.00, -9999.00
11, 5, LOC_CITY_NAME_MAGDEBURG, 3.00, -9999.00, -9999.00, -9999.00, -9999.00, -9999.00, -9999.00, -9999.00, -9999.00, -9999.00, -9999.00
11, 6, LOC_CITY_NAME_PELLA, 1.00, -9999.00, -9999.00, -9999.00, -9999.00, -9999.00, -9999.00, -9999.00, -9999.00, -9999.00, -9999.00
11, 6, LOC_CITY_NAME_RIO_DE_JANEIRO, -9999.00, -9999.00, -9999.00, -9999.00, -9999.00, -9999.00, -9999.00, -9999.00, -9999.00, -9999.00, -9999.00
11, 6, LOC_CITY_NAME_ROME, 1.00, -9999.00, -9999.00, -9999.00, -9999.00, -9999.00, -9999.00, -9999.00, -9999.00, -9999.00, -9999.00
11, 6, LOC_CITY_HA_NOI, 1.00, -9999.00, -9999.00, -9999.00, -9999.00, -9999.00, -9999.00, -9999.00, -9999.00, -9999.00, -9999.00
11, 6, LOC_CITY_NAME_AACHEN, 1.00, -9999.00, -9999.00, -9999.00, -9999.00, -9999.00, -9999.00, -9999.00, -9999.00, -9999.00, -9999.00
11, 6, LOC_CITY_HUE, 1.00, -9999.00, -9999.00, -9999.00, -9999.00, -9999.00, -9999.00, -9999.00, -9999.00, -9999.00, -9999.00
11, 6, LOC_CITY_NAME_JERUSALEM, -9999.00, -9999.00, -9999.00, -9999.00, -9999.00, -9999.00, -9999.00, -9999.00, 0.00, -9999.00, -9999.00
11, 6, LOC_CITY_NAME_ALEXANDRIA_TROAS, 1.00, -9999.00, -9999.00, -9999.00, -9999.00, -9999.00, -9999.00, -9999.00, -9999.00, -9999.00, -9999.00
11, 6, LOC_CITY_NAME_SAO_PAULO, -9999.00, -9999.00, -9999.00, -9999.00, -9999.00, -9999.00, -9999.00, -9999.00, -9999.00, -9999.00, -9999.00
11, 6, LOC_CITY_NAME_ARRETIUM, 1.00, -9999.00, -9999.00, -9999.00, -9999.00, -9999.00, -9999.00, -9999.00, -9999.00, -9999.00, -9999.00
11, 6, LOC_CITY_QUANG_TRI, 1.00, -9999.00, -9999.00, -9999.00, -9999.00, -9999.00, -9999.00, -9999.00, -9999.00, -9999.00, -9999.00
11, 6, LOC_CITY_NAME_MAGDEBURG, 1.00, -9999.00, -9999.00, -9999.00, -9999.00, -9999.00, -9999.00, -9999.00, -9999.00, -9999.00, -9999.00
11, 7, LOC_CITY_NAME_RIO_DE_JANEIRO, 1.00, -9999.00, -9999.00, -9999.00, -9999.00, -9999.00, -9999.00, -9999.00, -9999.00, -9999.00, -9999.00
11, 7, LOC_CITY_NAME_PELLA, 1.00, -9999.00, -9999.00, -9999.00, -9999.00, -9999.00, -9999.00, -9999.00, -9999.00, -9999.00, -9999.00
11, 7, LOC_CITY_NAME_AACHEN, -9999.00, -9999.00, -9999.00, -9999.00, -9999.00, -9999.00, -9999.00, -9999.00, -9999.00, -9999.00, -9999.00
11, 7, LOC_CITY_NAME_ROME, 1.00, -9999.00, -9999.00, -9999.00, -9999.00, -9999.00, -9999.00, -9999.00, -9999.00, -9999.00, -9999.00
11, 7, LOC_CITY_HA_NOI, 1.00, -9999.00, -9999.00, -9999.00, -9999.00, -9999.00, -9999.00, -9999.00, -9999.00, -9999.00, -9999.00
11, 7, LOC_CITY_HUE, 1.00, -9999.00, -9999.00, -9999.00, -9999.00, -9999.00, -9999.00, -9999.00, -9999.00, -9999.00, -9999.00
11, 7, LOC_CITY_NAME_JERUSALEM, -9999.00, -9999.00, -9999.00, -9999.00, -9999.00, -9999.00, -9999.00, -9999.00, 0.00, -9999.00, -9999.00
11, 7, LOC_CITY_NAME_SAO_PAULO, 1.00, -9999.00, -9999.00, -9999.00, -9999.00, -9999.00, -9999.00, -9999.00, -9999.00, -9999.00, -9999.00
11, 7, LOC_CITY_NAME_ALEXANDRIA_TROAS, 1.00, -9999.00, -9999.00, -9999.00, -9999.00, -9999.00, -9999.00, -9999.00, -9999.00, -9999.00, -9999.00
11, 7, LOC_CITY_NAME_ARRETIUM, 1.00, -9999.00, -9999.00, -9999.00, -9999.00, -9999.00, -9999.00, -9999.00, -9999.00, -9999.00, -9999.00
11, 7, LOC_CITY_NAME_MAGDEBURG, -9999.00, -9999.00, -9999.00, -9999.00, -9999.00, -9999.00, -9999.00, -9999.00, -9999.00, -9999.00, -9999.00
11, 7, LOC_CITY_QUANG_TRI, 1.00, -9999.00, -9999.00, -9999.00, -9999.00, -9999.00, -9999.00, -9999.00, -9999.00, -9999.00, -9999.00
11, 8, LOC_CITY_NAME_AACHEN, 3.00, -9999.00, -9999.00, -9999.00, -9999.00, -9999.00, -9999.00, -9999.00, -9999.00, -9999.00, -9999.00
11, 8, LOC_CITY_NAME_RIO_DE_JANEIRO, 3.00, -9999.00, -9999.00, -9999.00, -9999.00, -9999.00, -9999.00, -9999.00, -9999.00, -9999.00, -9999.00
11, 8, LOC_CITY_NAME_PELLA, 1.00, -9999.00, -9999.00, -9999.00, -9999.00, -9999.00, -9999.00, -9999.00, -9999.00, -9999.00, -9999.00
11, 8, LOC_CITY_HA_NOI, -9999.00, -9999.00, -9999.00, -9999.00, -9999.00, -9999.00, -9999.00, -9999.00, -9999.00, -9999.00, -9999.00
11, 8, LOC_CITY_NAME_ROME, 1.00, -9999.00, -9999.00, -9999.00, -9999.00, -9999.00, -9999.00, -9999.00, -9999.00, -9999.00, -9999.00
11, 8, LOC_CITY_HUE, -9999.00, -9999.00, -9999.00, -9999.00, -9999.00, -9999.00, -9999.00, -9999.00, -9999.00, -9999.00, -9999.00
11, 8, LOC_CITY_NAME_JERUSALEM, -9999.00, -9999.00, -9999.00, -9999.00, -9999.00, -9999.00, -9999.00, -9999.00, 0.00, -9999.00, -9999.00
11, 8, LOC_CITY_NAME_SAO_PAULO, 3.00, -9999.00, -9999.00, -9999.00, -9999.00, -9999.00, -9999.00, -9999.00, -9999.00, -9999.00, -9999.00
11, 8, LOC_CITY_NAME_ALEXANDRIA_TROAS, 1.00, -9999.00, -9999.00, -9999.00, -9999.00, -9999.00, -9999.00, -9999.00, -9999.00, -9999.00, -9999.00
11, 8, LOC_CITY_NAME_ARRETIUM, 1.00, -9999.00, -9999.00, -9999.00, -9999.00, -9999.00, -9999.00, -9999.00, -9999.00, -9999.00, -9999.00
11, 8, LOC_CITY_NAME_MAGDEBURG, 3.00, -9999.00, -9999.00, -9999.00, -9999.00, -9999.00, -9999.00, -9999.00, -9999.00, -9999.00, -9999.00
11, 8, LOC_CITY_QUANG_TRI, -9999.00, -9999.00, -9999.00, -9999.00, -9999.00, -9999.00, -9999.00, -9999.00, -9999.00, -9999.00, -9999.00
11, 9, LOC_CITY_HA_NOI, 3.00, -9999.00, -9999.00, -9999.00, -9999.00, -9999.00, -9999.00, -9999.00, -9999.00, -9999.00, -9999.00
11, 9, LOC_CITY_NAME_AACHEN, 3.00, -9999.00, -9999.00, -9999.00, -9999.00, -9999.00, -9999.00, -9999.00, -9999.00, -9999.00, -9999.00
11, 9, LOC_CITY_NAME_RIO_DE_JANEIRO, 3.00, -9999.00, -9999.00, -9999.00, -9999.00, -9999.00, -9999.00, -9999.00, -9999.00, -9999.00, -9999.00
11, 9, LOC_CITY_NAME_PELLA, 3.00, -9999.00, -9999.00, -9999.00, -9999.00, -9999.00, -9999.00, -9999.00, -9999.00, -9999.00, -9999.00
11, 9, LOC_CITY_NAME_ROME, -9999.00, -9999.00, -9999.00, -9999.00, -9999.00, -9999.00, -9999.00, -9999.00, -9999.00, -9999.00, -9999.00
11, 9, LOC_CITY_HUE, 3.00, -9999.00, -9999.00, -9999.00, -9999.00, -9999.00, -9999.00, -9999.00, -9999.00, -9999.00, -9999.00
11, 9, LOC_CITY_NAME_JERUSALEM, -9999.00, -9999.00, -9999.00, -9999.00, -9999.00, -9999.00, -9999.00, -9999.00, 0.00, -9999.00, -9999.00
11, 9, LOC_CITY_NAME_SAO_PAULO, 3.00, -9999.00, -9999.00, -9999.00, -9999.00, -9999.00, -9999.00, -9999.00, -9999.00, -9999.00, -9999.00
11, 9, LOC_CITY_NAME_ALEXANDRIA_TROAS, 3.00, -9999.00, -9999.00, -9999.00, -9999.00, -9999.00, -9999.00, -9999.00, -9999.00, -9999.00, -9999.00
11, 9, LOC_CITY_NAME_ARRETIUM, -9999.00, -9999.00, -9999.00, -9999.00, -9999.00, -9999.00, -9999.00, -9999.00, -9999.00, -9999.00, -9999.00
11, 9, LOC_CITY_QUANG_TRI, 3.00, -9999.00, -9999.00, -9999.00, -9999.00, -9999.00, -9999.00, -9999.00, -9999.00, -9999.00, -9999.00
11, 9, LOC_CITY_NAME_MAGDEBURG, 3.00, -9999.00, -9999.00, -9999.00, -9999.00, -9999.00, -9999.00, -9999.00, -9999.00, -9999.00, -9999.00
