Game Turn, Player, BY TYPE: Tiles, Buildings, Districts, Population, Outgoing Trade Routes, TOURISM, Diplo Victory, BALANCE: Favor, LIFETIME: Favor, CO2 Per Turn
1, CIVILIZATION_AZTEC, 0, 0, 0, 0, 0, 0, 0, 0, 0, 0
1, CIVILIZATION_CREE, 0, 0, 0, 0, 0, 0, 0, 0, 0, 0
1, CIVILIZATION_MALI, 0, 0, 0, 0, 0, 0, 0, 0, 0, 0
1, CIVILIZATION_MONGOLIA, 0, 0, 0, 0, 0, 0, 0, 0, 0, 0
1, CIVILIZATION_KABUL, 0, 0, 0, 0, 0, 0, 0, 0, 0, 0
1, CIVILIZATION_NAN_MADOL, 0, 0, 0, 0, 0, 0, 0, 0, 0, 0
1, CIVILIZATION_SAMARKAND, 0, 0, 0, 0, 0, 0, 0, 0, 0, 0
1, CIVILIZATION_GENEVA, 0, 0, 0, 0, 0, 0, 0, 0, 0, 0
1, CIVILIZATION_CAGUANA, 0, 0, 0, 0, 0, 0, 0, 0, 0, 0
1, CIVILIZATION_LAHORE, 0, 0, 0, 0, 0, 0, 0, 0, 0, 0
1, CIVILIZATION_CHINGUETTI, 0, 0, 0, 0, 0, 0, 0, 0, 0, 0
1, CIVILIZATION_HATTUSA, 0, 0, 0, 0, 0, 0, 0, 0, 0, 0
1, CIVILIZATION_BUENOS_AIRES, 0, 0, 0, 0, 0, 0, 0, 0, 0, 0
1, CIVILIZATION_MEXICO_CITY, 0, 0, 0, 0, 0, 0, 0, 0, 0, 0
1, CIVILIZATION_FREE_CITIES, 0, 0, 0, 0, 0, 0, 0, 0, 0, 0
1, CIVILIZATION_PERSIA, 0, 0, 0, 0, 0, 0, 0, 0, 0, 0
1, CIVILIZATION_BABYLON_STK, 0, 0, 0, 0, 0, 0, 0, 0, 0, 0
1, CIVILIZATION_INDIA, 0, 0, 0, 0, 0, 0, 0, 0, 0, 0
1, CIVILIZATION_NUBIA, 0, 0, 0, 0, 0, 0, 0, 0, 0, 0
2, CIVILIZATION_AZTEC, 7, 10, 0, 0, 0, 0, 0, 0, 0, 0
2, CIVILIZATION_CREE, 7, 10, 0, 0, 0, 0, 0, 0, 0, 0
2, CIVILIZATION_MALI, 7, 10, 0, 0, 0, 0, 0, 0, 0, 0
2, CIVILIZATION_MONGOLIA, 7, 10, 0, 0, 0, 0, 0, 0, 0, 0
2, CIVILIZATION_KABUL, 7, 10, 0, 0, 0, 0, 0, 0, 0, 0
2, CIVILIZATION_NAN_MADOL, 7, 10, 0, 0, 0, 0, 0, 0, 0, 0
2, CIVILIZATION_SAMARKAND, 7, 10, 0, 0, 0, 0, 0, 0, 0, 0
2, CIVILIZATION_GENEVA, 7, 10, 0, 0, 0, 0, 0, 0, 0, 0
2, CIVILIZATION_CAGUANA, 7, 10, 0, 0, 0, 0, 0, 0, 0, 0
2, CIVILIZATION_LAHORE, 7, 10, 0, 0, 0, 0, 0, 0, 0, 0
2, CIVILIZATION_CHINGUETTI, 7, 10, 0, 0, 0, 0, 0, 0, 0, 0
2, CIVILIZATION_HATTUSA, 7, 10, 0, 0, 0, 0, 0, 0, 0, 0
2, CIVILIZATION_BUENOS_AIRES, 7, 10, 0, 0, 0, 0, 0, 0, 0, 0
2, CIVILIZATION_MEXICO_CITY, 7, 10, 0, 0, 0, 0, 0, 0, 0, 0
2, CIVILIZATION_FREE_CITIES, 0, 0, 0, 0, 0, 0, 0, 0, 0, 0
2, CIVILIZATION_PERSIA, 7, 10, 0, 0, 0, 0, 0, 0, 0, 0
2, CIVILIZATION_BABYLON_STK, 7, 10, 0, 0, 0, 0, 0, 0, 0, 0
2, CIVILIZATION_INDIA, 7, 10, 0, 0, 0, 0, 0, 0, 0, 0
2, CIVILIZATION_NUBIA, 7, 10, 0, 0, 0, 0, 0, 0, 0, 0
3, CIVILIZATION_AZTEC, 7, 10, 0, 0, 0, 0, 0, 0, 0, 0
3, CIVILIZATION_CREE, 7, 10, 0, 0, 0, 0, 0, 0, 0, 0
3, CIVILIZATION_MALI, 7, 10, 0, 0, 0, 0, 0, 0, 0, 0
3, CIVILIZATION_MONGOLIA, 7, 10, 0, 0, 0, 0, 0, 0, 0, 0
3, CIVILIZATION_KABUL, 7, 10, 0, 0, 0, 0, 0, 0, 0, 0
3, CIVILIZATION_NAN_MADOL, 7, 10, 0, 0, 0, 0, 0, 0, 0, 0
3, CIVILIZATION_SAMARKAND, 7, 10, 0, 0, 0, 0, 0, 0, 0, 0
3, CIVILIZATION_GENEVA, 7, 10, 0, 0, 0, 0, 0, 0, 0, 0
3, CIVILIZATION_CAGUANA, 7, 10, 0, 0, 0, 0, 0, 0, 0, 0
3, CIVILIZATION_LAHORE, 7, 10, 0, 0, 0, 0, 0, 0, 0, 0
3, CIVILIZATION_CHINGUETTI, 7, 10, 0, 0, 0, 0, 0, 0, 0, 0
3, CIVILIZATION_HATTUSA, 7, 10, 0, 0, 0, 0, 0, 0, 0, 0
3, CIVILIZATION_BUENOS_AIRES, 7, 10, 0, 0, 0, 0, 0, 0, 0, 0
3, CIVILIZATION_MEXICO_CITY, 7, 10, 0, 0, 0, 0, 0, 0, 0, 0
3, CIVILIZATION_FREE_CITIES, 0, 0, 0, 0, 0, 0, 0, 0, 0, 0
3, CIVILIZATION_PERSIA, 7, 10, 0, 0, 0, 0, 0, 0, 0, 0
3, CIVILIZATION_BABYLON_STK, 7, 10, 0, 0, 0, 0, 0, 0, 0, 0
3, CIVILIZATION_INDIA, 7, 10, 0, 0, 0, 0, 0, 0, 0, 0
3, CIVILIZATION_NUBIA, 7, 10, 0, 0, 0, 0, 0, 0, 0, 0
4, CIVILIZATION_AZTEC, 7, 10, 0, 0, 0, 0, 0, 0, 0, 0
4, CIVILIZATION_CREE, 7, 10, 0, 0, 0, 0, 0, 0, 0, 0
4, CIVILIZATION_MALI, 7, 10, 0, 0, 0, 0, 0, 0, 0, 0
4, CIVILIZATION_MONGOLIA, 7, 10, 0, 0, 0, 0, 0, 0, 0, 0
4, CIVILIZATION_KABUL, 7, 10, 0, 0, 0, 0, 0, 0, 0, 0
4, CIVILIZATION_NAN_MADOL, 7, 10, 0, 0, 0, 0, 0, 0, 0, 0
4, CIVILIZATION_SAMARKAND, 7, 10, 0, 1, 0, 0, 0, 0, 0, 0
4, CIVILIZATION_GENEVA, 7, 10, 0, 0, 0, 0, 0, 0, 0, 0
4, CIVILIZATION_CAGUANA, 7, 10, 0, 0, 0, 0, 0, 0, 0, 0
4, CIVILIZATION_LAHORE, 7, 10, 0, 0, 0, 0, 0, 0, 0, 0
4, CIVILIZATION_CHINGUETTI, 7, 10, 0, 0, 0, 0, 0, 0, 0, 0
4, CIVILIZATION_HATTUSA, 7, 10, 0, 0, 0, 0, 0, 0, 0, 0
4, CIVILIZATION_BUENOS_AIRES, 7, 10, 0, 0, 0, 0, 0, 0, 0, 0
4, CIVILIZATION_MEXICO_CITY, 7, 10, 0, 0, 0, 0, 0, 0, 0, 0
4, CIVILIZATION_FREE_CITIES, 0, 0, 0, 0, 0, 0, 0, 0, 0, 0
4, CIVILIZATION_PERSIA, 7, 10, 0, 1, 0, 0, 0, 0, 0, 0
4, CIVILIZATION_BABYLON_STK, 7, 10, 0, 1, 0, 0, 0, 0, 0, 0
4, CIVILIZATION_INDIA, 7, 10, 0, 1, 0, 0, 0, 0, 0, 0
4, CIVILIZATION_NUBIA, 7, 10, 0, 0, 0, 0, 0, 0, 0, 0
5, CIVILIZATION_AZTEC, 7, 10, 0, 1, 0, 0, 0, 0, 0, 0
5, CIVILIZATION_CREE, 7, 10, 0, 1, 0, 0, 0, 0, 0, 0
5, CIVILIZATION_MALI, 7, 10, 0, 1, 0, 0, 0, 0, 0, 0
5, CIVILIZATION_MONGOLIA, 7, 10, 0, 1, 0, 0, 0, 0, 0, 0
5, CIVILIZATION_KABUL, 7, 10, 0, 0, 0, 0, 0, 0, 0, 0
5, CIVILIZATION_NAN_MADOL, 7, 10, 0, 1, 0, 0, 0, 0, 0, 0
5, CIVILIZATION_SAMARKAND, 7, 10, 0, 1, 0, 0, 0, 0, 0, 0
5, CIVILIZATION_GENEVA, 7, 10, 0, 0, 0, 0, 0, 0, 0, 0
5, CIVILIZATION_CAGUANA, 7, 10, 0, 1, 0, 0, 0, 0, 0, 0
5, CIVILIZATION_LAHORE, 7, 10, 0, 0, 0, 0, 0, 0, 0, 0
5, CIVILIZATION_CHINGUETTI, 7, 10, 0, 1, 0, 0, 0, 0, 0, 0
5, CIVILIZATION_HATTUSA, 7, 10, 0, 1, 0, 0, 0, 0, 0, 0
5, CIVILIZATION_BUENOS_AIRES, 7, 10, 0, 1, 0, 0, 0, 0, 0, 0
5, CIVILIZATION_MEXICO_CITY, 7, 10, 0, 0, 0, 0, 0, 0, 0, 0
5, CIVILIZATION_FREE_CITIES, 0, 0, 0, 0, 0, 0, 0, 0, 0, 0
5, CIVILIZATION_PERSIA, 8, 10, 0, 1, 0, 0, 0, 0, 0, 0
5, CIVILIZATION_BABYLON_STK, 7, 10, 0, 1, 0, 0, 0, 0, 0, 0
5, CIVILIZATION_INDIA, 8, 10, 0, 1, 0, 0, 0, 0, 0, 0
5, CIVILIZATION_NUBIA, 9, 10, 0, 1, 0, 0, 0, 0, 0, 0
6, CIVILIZATION_AZTEC, 15, 10, 0, 2, 0, 0, 0, 0, 0, 0
6, CIVILIZATION_CREE, 15, 10, 0, 2, 0, 0, 0, 0, 0, 0
6, CIVILIZATION_MALI, 8, 10, 0, 1, 0, 0, 0, 0, 0, 0
6, CIVILIZATION_MONGOLIA, 8, 10, 0, 1, 0, 0, 0, 0, 0, 0
6, CIVILIZATION_KABUL, 7, 10, 0, 1, 0, 0, 0, 0, 0, 0
6, CIVILIZATION_NAN_MADOL, 7, 10, 0, 1, 0, 0, 0, 0, 0, 0
6, CIVILIZATION_SAMARKAND, 7, 10, 0, 1, 0, 0, 0, 0, 0, 0
6, CIVILIZATION_GENEVA, 7, 10, 0, 1, 0, 0, 0, 0, 0, 0
6, CIVILIZATION_CAGUANA, 7, 10, 0, 1, 0, 0, 0, 0, 0, 0
6, CIVILIZATION_LAHORE, 7, 10, 0, 1, 0, 0, 0, 0, 0, 0
6, CIVILIZATION_CHINGUETTI, 7, 10, 0, 1, 0, 0, 0, 0, 0, 0
6, CIVILIZATION_HATTUSA, 7, 10, 0, 1, 0, 0, 0, 0, 0, 0
6, CIVILIZATION_BUENOS_AIRES, 7, 10, 0, 1, 0, 0, 0, 0, 0, 0
6, CIVILIZATION_MEXICO_CITY, 7, 10, 0, 1, 0, 0, 0, 0, 0, 0
6, CIVILIZATION_FREE_CITIES, 0, 0, 0, 0, 0, 0, 0, 0, 0, 0
6, CIVILIZATION_PERSIA, 8, 10, 0, 1, 0, 0, 0, 0, 0, 0
6, CIVILIZATION_BABYLON_STK, 8, 10, 0, 1, 0, 0, 0, 0, 0, 0
6, CIVILIZATION_INDIA, 8, 10, 0, 2, 0, 0, 0, 0, 0, 0
6, CIVILIZATION_NUBIA, 9, 10, 0, 1, 0, 0, 0, 0, 0, 0
7, CIVILIZATION_AZTEC, 16, 10, 0, 2, 0, 0, 0, 0, 0, 0
7, CIVILIZATION_CREE, 15, 11, 0, 2, 0, 0, 0, 0, 0, 0
7, CIVILIZATION_MALI, 8, 10, 0, 1, 0, 0, 0, 0, 0, 0
7, CIVILIZATION_MONGOLIA, 9, 10, 0, 1, 0, 0, 0, 0, 0, 0
7, CIVILIZATION_KABUL, 7, 10, 0, 1, 0, 0, 0, 0, 0, 0
7, CIVILIZATION_NAN_MADOL, 7, 10, 0, 1, 0, 0, 0, 0, 0, 0
7, CIVILIZATION_SAMARKAND, 7, 10, 0, 2, 0, 0, 0, 0, 0, 0
7, CIVILIZATION_GENEVA, 7, 10, 0, 1, 0, 0, 0, 0, 0, 0
7, CIVILIZATION_CAGUANA, 7, 10, 0, 1, 0, 0, 0, 0, 0, 0
7, CIVILIZATION_LAHORE, 7, 10, 0, 1, 0, 0, 0, 0, 0, 0
7, CIVILIZATION_CHINGUETTI, 7, 10, 0, 1, 0, 0, 0, 0, 0, 0
7, CIVILIZATION_HATTUSA, 7, 10, 0, 2, 0, 0, 0, 0, 0, 0
7, CIVILIZATION_BUENOS_AIRES, 7, 10, 0, 1, 0, 0, 0, 0, 0, 0
7, CIVILIZATION_MEXICO_CITY, 7, 10, 0, 1, 0, 0, 0, 0, 0, 0
7, CIVILIZATION_FREE_CITIES, 0, 0, 0, 0, 0, 0, 0, 0, 0, 0
7, CIVILIZATION_PERSIA, 8, 10, 0, 1, 0, 0, 0, 0, 0, 0
7, CIVILIZATION_BABYLON_STK, 8, 10, 0, 2, 0, 0, 0, 0, 0, 0
7, CIVILIZATION_INDIA, 8, 10, 0, 2, 0, 0, 0, 0, 0, 0
7, CIVILIZATION_NUBIA, 9, 10, 0, 1, 0, 0, 0, 0, 0, 0
8, CIVILIZATION_AZTEC, 16, 10, 0, 3, 0, 0, 0, 0, 0, 0
8, CIVILIZATION_CREE, 16, 11, 0, 3, 0, 0, 0, 0, 0, 0
8, CIVILIZATION_MALI, 8, 11, 0, 2, 0, 0, 0, 0, 0, 0
8, CIVILIZATION_MONGOLIA, 9, 10, 0, 1, 0, 0, 0, 0, 0, 0
8, CIVILIZATION_KABUL, 7, 10, 0, 1, 0, 0, 0, 0, 0, 0
8, CIVILIZATION_NAN_MADOL, 7, 10, 0, 1, 0, 0, 0, 0, 0, 0
8, CIVILIZATION_SAMARKAND, 7, 10, 0, 2, 0, 0, 0, 0, 0, 0
8, CIVILIZATION_GENEVA, 7, 10, 0, 1, 0, 0, 0, 0, 0, 0
8, CIVILIZATION_CAGUANA, 7, 10, 0, 2, 0, 0, 0, 0, 0, 0
8, CIVILIZATION_LAHORE, 7, 10, 0, 1, 0, 0, 0, 0, 0, 0
8, CIVILIZATION_CHINGUETTI, 7, 10, 0, 1, 0, 0, 0, 0, 0, 0
8, CIVILIZATION_HATTUSA, 7, 10, 0, 2, 0, 0, 0, 0, 0, 0
8, CIVILIZATION_BUENOS_AIRES, 7, 10, 0, 1, 0, 0, 0, 0, 0, 0
8, CIVILIZATION_MEXICO_CITY, 7, 10, 0, 1, 0, 0, 0, 0, 0, 0
8, CIVILIZATION_FREE_CITIES, 0, 0, 0, 0, 0, 0, 0, 0, 0, 0
8, CIVILIZATION_PERSIA, 9, 10, 0, 2, 0, 0, 0, 0, 0, 0
8, CIVILIZATION_BABYLON_STK, 8, 10, 0, 2, 0, 0, 0, 0, 0, 0
8, CIVILIZATION_INDIA, 9, 10, 0, 3, 0, 0, 0, 0, 0, 0
8, CIVILIZATION_NUBIA, 9, 10, 0, 1, 0, 0, 0, 0, 0, 0
9, CIVILIZATION_AZTEC, 16, 10, 0, 3, 0, 0, 0, 0, 0, 0
9, CIVILIZATION_CREE, 17, 12, 0, 3, 0, 0, 0, 0, 0, 0
9, CIVILIZATION_MALI, 9, 14, 0, 2, 0, 0, 0, 0, 0, 0
9, CIVILIZATION_MONGOLIA, 9, 10, 0, 2, 0, 0, 0, 0, 0, 0
9, CIVILIZATION_KABUL, 7, 10, 0, 1, 0, 0, 0, 0, 0, 0
9, CIVILIZATION_NAN_MADOL, 7, 10, 0, 2, 0, 0, 0, 0, 0, 0
9, CIVILIZATION_SAMARKAND, 7, 10, 0, 3, 0, 0, 0, 0, 0, 0
9, CIVILIZATION_GENEVA, 7, 10, 0, 1, 0, 0, 0, 0, 0, 0
9, CIVILIZATION_CAGUANA, 7, 10, 0, 2, 0, 0, 0, 0, 0, 0
9, CIVILIZATION_LAHORE, 7, 10, 0, 1, 0, 0, 0, 0, 0, 0
9, CIVILIZATION_CHINGUETTI, 7, 10, 0, 2, 0, 0, 0, 0, 0, 0
9, CIVILIZATION_HATTUSA, 7, 10, 0, 2, 0, 0, 0, 0, 0, 0
9, CIVILIZATION_BUENOS_AIRES, 7, 10, 0, 2, 0, 0, 0, 0, 0, 0
9, CIVILIZATION_MEXICO_CITY, 7, 10, 0, 1, 0, 0, 0, 0, 0, 0
9, CIVILIZATION_FREE_CITIES, 0, 0, 0, 0, 0, 0, 0, 0, 0, 0
9, CIVILIZATION_PERSIA, 9, 10, 0, 2, 0, 0, 0, 0, 0, 0
9, CIVILIZATION_BABYLON_STK, 8, 10, 0, 2, 0, 0, 0, 0, 0, 0
9, CIVILIZATION_INDIA, 9, 10, 0, 3, 0, 0, 0, 0, 0, 0
9, CIVILIZATION_NUBIA, 10, 10, 0, 1, 0, 0, 0, 0, 0, 0
1, CIVILIZATION_MACEDON, 0, 0, 0, 0, 0, 0, 0, 0, 0, 0
1, CIVILIZATION_BRAZIL, 0, 0, 0, 0, 0, 0, 0, 0, 0, 0
1, CIVILIZATION_GERMANY, 0, 0, 0, 0, 0, 0, 0, 0, 0, 0
1, CIVILIZATION_VIETNAM, 0, 0, 0, 0, 0, 0, 0, 0, 0, 0
1, CIVILIZATION_ROME, 0, 0, 0, 0, 0, 0, 0, 0, 0, 0
1, CIVILIZATION_BABYLON, 0, 0, 0, 0, 0, 0, 0, 0, 0, 0
1, CIVILIZATION_JERUSALEM, 0, 0, 0, 0, 0, 0, 0, 0, 0, 0
1, CIVILIZATION_HATTUSA, 0, 0, 0, 0, 0, 0, 0, 0, 0, 0
1, CIVILIZATION_JOHANNESBURG, 0, 0, 0, 0, 0, 0, 0, 0, 0, 0
1, CIVILIZATION_LISBON, 0, 0, 0, 0, 0, 0, 0, 0, 0, 0
1, CIVILIZATION_VATICAN_CITY, 0, 0, 0, 0, 0, 0, 0, 0, 0, 0
1, CIVILIZATION_VILNIUS, 0, 0, 0, 0, 0, 0, 0, 0, 0, 0
1, CIVILIZATION_YEREVAN, 0, 0, 0, 0, 0, 0, 0, 0, 0, 0
1, CIVILIZATION_BUENOS_AIRES, 0, 0, 0, 0, 0, 0, 0, 0, 0, 0
1, CIVILIZATION_FEZ, 0, 0, 0, 0, 0, 0, 0, 0, 0, 0
1, CIVILIZATION_KUMASI, 0, 0, 0, 0, 0, 0, 0, 0, 0, 0
1, CIVILIZATION_PRESLAV, 0, 0, 0, 0, 0, 0, 0, 0, 0, 0
1, CIVILIZATION_FREE_CITIES, 0, 0, 0, 0, 0, 0, 0, 0, 0, 0
1, CIVILIZATION_EGYPT, 0, 0, 0, 0, 0, 0, 0, 0, 0, 0
1, CIVILIZATION_BABYLON_STK, 0, 0, 0, 0, 0, 0, 0, 0, 0, 0
1, CIVILIZATION_INDIA, 0, 0, 0, 0, 0, 0, 0, 0, 0, 0
1, CIVILIZATION_MALI, 0, 0, 0, 0, 0, 0, 0, 0, 0, 0
1, CIVILIZATION_NUBIA, 0, 0, 0, 0, 0, 0, 0, 0, 0, 0
2, CIVILIZATION_MACEDON, 7, 10, 0, 0, 0, 0, 0, 0, 0, 0
2, CIVILIZATION_BRAZIL, 7, 10, 0, 0, 0, 0, 0, 0, 0, 0
2, CIVILIZATION_GERMANY, 7, 10, 0, 0, 0, 0, 0, 0, 0, 0
2, CIVILIZATION_VIETNAM, 7, 10, 0, 0, 0, 0, 0, 0, 0, 0
2, CIVILIZATION_ROME, 7, 10, 0, 0, 0, 0, 0, 0, 0, 0
2, CIVILIZATION_BABYLON, 7, 10, 0, 0, 0, 0, 0, 0, 0, 0
2, CIVILIZATION_JERUSALEM, 7, 10, 0, 0, 0, 0, 0, 0, 0, 0
2, CIVILIZATION_HATTUSA, 7, 10, 0, 0, 0, 0, 0, 0, 0, 0
2, CIVILIZATION_JOHANNESBURG, 7, 10, 0, 0, 0, 0, 0, 0, 0, 0
2, CIVILIZATION_LISBON, 7, 10, 0, 0, 0, 0, 0, 0, 0, 0
2, CIVILIZATION_VATICAN_CITY, 7, 10, 0, 0, 0, 0, 0, 0, 0, 0
2, CIVILIZATION_VILNIUS, 7, 10, 0, 0, 0, 0, 0, 0, 0, 0
2, CIVILIZATION_YEREVAN, 7, 10, 0, 0, 0, 0, 0, 0, 0, 0
2, CIVILIZATION_BUENOS_AIRES, 7, 10, 0, 0, 0, 0, 0, 0, 0, 0
2, CIVILIZATION_FEZ, 7, 10, 0, 0, 0, 0, 0, 0, 0, 0
2, CIVILIZATION_KUMASI, 7, 10, 0, 0, 0, 0, 0, 0, 0, 0
2, CIVILIZATION_PRESLAV, 0, 0, 0, 0, 0, 0, 0, 0, 0, 0
2, CIVILIZATION_FREE_CITIES, 0, 0, 0, 0, 0, 0, 0, 0, 0, 0
2, CIVILIZATION_EGYPT, 7, 10, 0, 0, 0, 0, 0, 0, 0, 0
2, CIVILIZATION_BABYLON_STK, 7, 10, 0, 0, 0, 0, 0, 0, 0, 0
2, CIVILIZATION_INDIA, 7, 10, 0, 0, 0, 0, 0, 0, 0, 0
2, CIVILIZATION_MALI, 7, 10, 0, 0, 0, 0, 0, 0, 0, 0
2, CIVILIZATION_NUBIA, 8, 10, 0, 0, 0, 0, 0, 0, 0, 0
3, CIVILIZATION_MACEDON, 7, 10, 0, 0, 0, 0, 0, 0, 0, 0
3, CIVILIZATION_BRAZIL, 7, 10, 0, 0, 0, 0, 0, 0, 0, 0
3, CIVILIZATION_GERMANY, 7, 10, 0, 0, 0, 0, 0, 0, 0, 0
3, CIVILIZATION_VIETNAM, 7, 10, 0, 0, 0, 0, 0, 0, 0, 0
3, CIVILIZATION_ROME, 7, 10, 0, 0, 0, 0, 0, 0, 0, 0
3, CIVILIZATION_BABYLON, 7, 10, 0, 0, 0, 0, 0, 0, 0, 0
3, CIVILIZATION_JERUSALEM, 7, 10, 0, 0, 0, 0, 0, 0, 0, 0
3, CIVILIZATION_HATTUSA, 7, 10, 0, 0, 0, 0, 0, 0, 0, 0
3, CIVILIZATION_JOHANNESBURG, 7, 10, 0, 0, 0, 0, 0, 0, 0, 0
3, CIVILIZATION_LISBON, 7, 10, 0, 0, 0, 0, 0, 0, 0, 0
3, CIVILIZATION_VATICAN_CITY, 7, 10, 0, 0, 0, 0, 0, 0, 0, 0
3, CIVILIZATION_VILNIUS, 7, 10, 0, 0, 0, 0, 0, 0, 0, 0
3, CIVILIZATION_YEREVAN, 7, 10, 0, 0, 0, 0, 0, 0, 0, 0
3, CIVILIZATION_BUENOS_AIRES, 7, 10, 0, 0, 0, 0, 0, 0, 0, 0
3, CIVILIZATION_FEZ, 7, 10, 0, 0, 0, 0, 0, 0, 0, 0
3, CIVILIZATION_KUMASI, 7, 10, 0, 0, 0, 0, 0, 0, 0, 0
3, CIVILIZATION_PRESLAV, 0, 0, 0, 0, 0, 0, 0, 0, 0, 0
3, CIVILIZATION_FREE_CITIES, 0, 0, 0, 0, 0, 0, 0, 0, 0, 0
3, CIVILIZATION_EGYPT, 7, 10, 0, 0, 0, 0, 0, 0, 0, 0
3, CIVILIZATION_BABYLON_STK, 7, 10, 0, 0, 0, 0, 0, 0, 0, 0
3, CIVILIZATION_INDIA, 7, 10, 0, 0, 0, 0, 0, 0, 0, 0
3, CIVILIZATION_MALI, 7, 10, 0, 0, 0, 0, 0, 0, 0, 0
3, CIVILIZATION_NUBIA, 8, 10, 0, 0, 0, 0, 0, 0, 0, 0
4, CIVILIZATION_MACEDON, 7, 10, 0, 0, 0, 0, 0, 0, 0, 0
4, CIVILIZATION_BRAZIL, 7, 10, 0, 1, 0, 0, 0, 0, 0, 0
4, CIVILIZATION_GERMANY, 7, 10, 0, 1, 0, 0, 0, 0, 0, 0
4, CIVILIZATION_VIETNAM, 7, 10, 0, 0, 0, 0, 0, 0, 0, 0
4, CIVILIZATION_ROME, 7, 10, 0, 0, 0, 0, 0, 0, 0, 0
4, CIVILIZATION_BABYLON, 7, 10, 0, 0, 0, 0, 0, 0, 0, 0
4, CIVILIZATION_JERUSALEM, 7, 10, 0, 0, 0, 0, 0, 0, 0, 0
4, CIVILIZATION_HATTUSA, 7, 10, 0, 0, 0, 0, 0, 0, 0, 0
4, CIVILIZATION_JOHANNESBURG, 7, 10, 0, 0, 0, 0, 0, 0, 0, 0
4, CIVILIZATION_LISBON, 7, 10, 0, 0, 0, 0, 0, 0, 0, 0
4, CIVILIZATION_VATICAN_CITY, 7, 10, 0, 0, 0, 0, 0, 0, 0, 0
4, CIVILIZATION_VILNIUS, 7, 10, 0, 0, 0, 0, 0, 0, 0, 0
4, CIVILIZATION_YEREVAN, 7, 10, 0, 0, 0, 0, 0, 0, 0, 0
4, CIVILIZATION_BUENOS_AIRES, 7, 10, 0, 0, 0, 0, 0, 0, 0, 0
4, CIVILIZATION_FEZ, 7, 10, 0, 0, 0, 0, 0, 0, 0, 0
4, CIVILIZATION_KUMASI, 7, 10, 0, 1, 0, 0, 0, 0, 0, 0
4, CIVILIZATION_PRESLAV, 0, 0, 0, 0, 0, 0, 0, 0, 0, 0
4, CIVILIZATION_FREE_CITIES, 0, 0, 0, 0, 0, 0, 0, 0, 0, 0
4, CIVILIZATION_EGYPT, 7, 10, 0, 0, 0, 0, 0, 0, 0, 0
4, CIVILIZATION_BABYLON_STK, 7, 10, 0, 0, 0, 0, 0, 0, 0, 0
4, CIVILIZATION_INDIA, 7, 10, 0, 0, 0, 0, 0, 0, 0, 0
4, CIVILIZATION_MALI, 7, 10, 0, 0, 0, 0, 0, 0, 0, 0
4, CIVILIZATION_NUBIA, 8, 10, 0, 0, 0, 0, 0, 0, 0, 0
5, CIVILIZATION_MACEDON, 7, 10, 0, 1, 0, 0, 0, 0, 0, 0
5, CIVILIZATION_BRAZIL, 7, 10, 0, 1, 0, 0, 0, 0, 0, 0
5, CIVILIZATION_GERMANY, 7, 10, 0, 1, 0, 0, 0, 0, 0, 0
5, CIVILIZATION_VIETNAM, 7, 10, 0, 0, 0, 0, 0, 0, 0, 0
5, CIVILIZATION_ROME, 7, 10, 0, 0, 0, 0, 0, 0, 0, 0
5, CIVILIZATION_BABYLON, 7, 10, 0, 0, 0, 0, 0, 0, 0, 0
5, CIVILIZATION_JERUSALEM, 7, 10, 0, 1, 0, 0, 0, 0, 0, 0
5, CIVILIZATION_HATTUSA, 7, 10, 0, 1, 0, 0, 0, 0, 0, 0
5, CIVILIZATION_JOHANNESBURG, 7, 10, 0, 1, 0, 0, 0, 0, 0, 0
5, CIVILIZATION_LISBON, 7, 10, 0, 0, 0, 0, 0, 0, 0, 0
5, CIVILIZATION_VATICAN_CITY, 7, 10, 0, 1, 0, 0, 0, 0, 0, 0
5, CIVILIZATION_VILNIUS, 7, 10, 0, 1, 0, 0, 0, 0, 0, 0
5, CIVILIZATION_YEREVAN, 7, 10, 0, 0, 0, 0, 0, 0, 0, 0
5, CIVILIZATION_BUENOS_AIRES, 7, 10, 0, 1, 0, 0, 0, 0, 0, 0
5, CIVILIZATION_FEZ, 7, 10, 0, 0, 0, 0, 0, 0, 0, 0
5, CIVILIZATION_KUMASI, 7, 10, 0, 1, 0, 0, 0, 0, 0, 0
5, CIVILIZATION_PRESLAV, 7, 10, 0, 0, 0, 0, 0, 0, 0, 0
5, CIVILIZATION_FREE_CITIES, 0, 0, 0, 0, 0, 0, 0, 0, 0, 0
5, CIVILIZATION_EGYPT, 7, 10, 0, 1, 0, 0, 0, 0, 0, 0
5, CIVILIZATION_BABYLON_STK, 8, 10, 0, 0, 0, 0, 0, 0, 0, 0
5, CIVILIZATION_INDIA, 7, 10, 0, 0, 0, 0, 0, 0, 0, 0
5, CIVILIZATION_MALI, 7, 10, 0, 1, 0, 0, 0, 0, 0, 0
5, CIVILIZATION_NUBIA, 8, 10, 0, 1, 0, 0, 0, 0, 0, 0
6, CIVILIZATION_MACEDON, 8, 10, 0, 1, 0, 0, 0, 0, 0, 0
6, CIVILIZATION_BRAZIL, 8, 10, 0, 1, 0, 0, 0, 0, 0, 0
6, CIVILIZATION_GERMANY, 8, 10, 0, 1, 0, 0, 0, 0, 0, 0
6, CIVILIZATION_VIETNAM, 15, 10, 0, 1, 0, 0, 0, 0, 0, 0
6, CIVILIZATION_ROME, 8, 10, 0, 1, 0, 0, 0, 0, 0, 0
6, CIVILIZATION_BABYLON, 7, 10, 0, 1, 0, 0, 0, 0, 0, 0
6, CIVILIZATION_JERUSALEM, 7, 10, 0, 1, 0, 0, 0, 0, 0, 0
6, CIVILIZATION_HATTUSA, 7, 10, 0, 1, 0, 0, 0, 0, 0, 0
6, CIVILIZATION_JOHANNESBURG, 7, 10, 0, 1, 0, 0, 0, 0, 0, 0
6, CIVILIZATION_LISBON, 7, 10, 0, 1, 0, 0, 0, 0, 0, 0
6, CIVILIZATION_VATICAN_CITY, 7, 10, 0, 1, 0, 0, 0, 0, 0, 0
6, CIVILIZATION_VILNIUS, 7, 10, 0, 1, 0, 0, 0, 0, 0, 0
6, CIVILIZATION_YEREVAN, 7, 10, 0, 1, 0, 0, 0, 0, 0, 0
6, CIVILIZATION_BUENOS_AIRES, 7, 10, 0, 1, 0, 0, 0, 0, 0, 0
6, CIVILIZATION_FEZ, 7, 10, 0, 1, 0, 0, 0, 0, 0, 0
6, CIVILIZATION_KUMASI, 7, 10, 0, 1, 0, 0, 0, 0, 0, 0
6, CIVILIZATION_PRESLAV, 7, 10, 0, 0, 0, 0, 0, 0, 0, 0
6, CIVILIZATION_FREE_CITIES, 0, 0, 0, 0, 0, 0, 0, 0, 0, 0
6, CIVILIZATION_EGYPT, 8, 10, 0, 1, 0, 0, 0, 0, 0, 0
6, CIVILIZATION_BABYLON_STK, 8, 10, 0, 1, 0, 0, 0, 0, 0, 0
6, CIVILIZATION_INDIA, 8, 10, 0, 1, 0, 0, 0, 0, 0, 0
6, CIVILIZATION_MALI, 8, 10, 0, 1, 0, 0, 0, 0, 0, 0
6, CIVILIZATION_NUBIA, 9, 10, 0, 1, 0, 0, 0, 0, 0, 0
7, CIVILIZATION_MACEDON, 15, 10, 0, 2, 0, 0, 0, 0, 0, 0
7, CIVILIZATION_BRAZIL, 15, 11, 0, 2, 0, 0, 0, 0, 0, 0
7, CIVILIZATION_GERMANY, 8, 11, 0, 2, 0, 0, 0, 0, 0, 0
7, CIVILIZATION_VIETNAM, 15, 14, 0, 1, 0, 0, 0, 0, 0, 0
7, CIVILIZATION_ROME, 9, 10, 0, 1, 0, 0, 0, 0, 0, 0
7, CIVILIZATION_BABYLON, 7, 10, 0, 1, 0, 0, 0, 0, 0, 0
7, CIVILIZATION_JERUSALEM, 7, 10, 0, 1, 0, 0, 0, 0, 0, 0
7, CIVILIZATION_HATTUSA, 7, 10, 0, 1, 0, 0, 0, 0, 0, 0
7, CIVILIZATION_JOHANNESBURG, 7, 10, 0, 1, 0, 0, 0, 0, 0, 0
7, CIVILIZATION_LISBON, 7, 10, 0, 1, 0, 0, 0, 0, 0, 0
7, CIVILIZATION_VATICAN_CITY, 7, 10, 0, 1, 0, 0, 0, 0, 0, 0
7, CIVILIZATION_VILNIUS, 7, 10, 0, 1, 0, 0, 0, 0, 0, 0
7, CIVILIZATION_YEREVAN, 7, 10, 0, 1, 0, 0, 0, 0, 0, 0
7, CIVILIZATION_BUENOS_AIRES, 7, 10, 0, 1, 0, 0, 0, 0, 0, 0
7, CIVILIZATION_FEZ, 7, 10, 0, 1, 0, 0, 0, 0, 0, 0
7, CIVILIZATION_KUMASI, 7, 10, 0, 2, 0, 0, 0, 0, 0, 0
7, CIVILIZATION_PRESLAV, 7, 10, 0, 0, 0, 0, 0, 0, 0, 0
7, CIVILIZATION_FREE_CITIES, 0, 0, 0, 0, 0, 0, 0, 0, 0, 0
7, CIVILIZATION_EGYPT, 8, 10, 0, 1, 0, 0, 0, 0, 0, 0
7, CIVILIZATION_BABYLON_STK, 8, 10, 0, 1, 0, 0, 0, 0, 0, 0
7, CIVILIZATION_INDIA, 8, 10, 0, 1, 0, 0, 0, 0, 0, 0
7, CIVILIZATION_MALI, 8, 10, 0, 1, 0, 0, 0, 0, 0, 0
7, CIVILIZATION_NUBIA, 9, 10, 0, 1, 0, 0, 0, 0, 0, 0
8, CIVILIZATION_MACEDON, 15, 10, 0, 3, 0, 0, 0, 0, 0, 0
8, CIVILIZATION_BRAZIL, 15, 11, 0, 3, 0, 0, 0, 0, 0, 0
8, CIVILIZATION_GERMANY, 8, 11, 0, 2, 0, 0, 0, 0, 0, 0
8, CIVILIZATION_VIETNAM, 16, 14, 0, 1, 0, 0, 0, 0, 0, 0
8, CIVILIZATION_ROME, 16, 14, 0, 2, 0, 0, 0, 0, 0, 0
8, CIVILIZATION_BABYLON, 7, 10, 0, 1, 0, 0, 0, 0, 0, 0
8, CIVILIZATION_JERUSALEM, 7, 10, 0, 2, 0, 0, 0, 0, 0, 0
8, CIVILIZATION_HATTUSA, 7, 10, 0, 1, 0, 0, 0, 0, 0, 0
8, CIVILIZATION_JOHANNESBURG, 7, 10, 0, 1, 0, 0, 0, 0, 0, 0
8, CIVILIZATION_LISBON, 7, 10, 0, 1, 0, 0, 0, 0, 0, 0
8, CIVILIZATION_VATICAN_CITY, 7, 10, 0, 1, 0, 0, 0, 0, 0, 0
8, CIVILIZATION_VILNIUS, 7, 10, 0, 1, 0, 0, 0, 0, 0, 0
8, CIVILIZATION_YEREVAN, 7, 10, 0, 1, 0, 0, 0, 0, 0, 0
8, CIVILIZATION_BUENOS_AIRES, 7, 10, 0, 1, 0, 0, 0, 0, 0, 0
8, CIVILIZATION_FEZ, 7, 10, 0, 1, 0, 0, 0, 0, 0, 0
8, CIVILIZATION_KUMASI, 7, 10, 0, 2, 0, 0, 0, 0, 0, 0
8, CIVILIZATION_PRESLAV, 7, 10, 0, 1, 0, 0, 0, 0, 0, 0
8, CIVILIZATION_FREE_CITIES, 0, 0, 0, 0, 0, 0, 0, 0, 0, 0
8, CIVILIZATION_EGYPT, 8, 10, 0, 1, 0, 0, 0, 0, 0, 0
8, CIVILIZATION_BABYLON_STK, 8, 10, 0, 1, 0, 0, 0, 0, 0, 0
8, CIVILIZATION_INDIA, 8, 10, 0, 1, 0, 0, 0, 0, 0, 0
8, CIVILIZATION_MALI, 8, 10, 0, 2, 0, 0, 0, 0, 0, 0
8, CIVILIZATION_NUBIA, 10, 10, 0, 1, 0, 0, 0, 0, 0, 0
9, CIVILIZATION_MACEDON, 15, 11, 0, 3, 0, 0, 0, 0, 0, 0
9, CIVILIZATION_BRAZIL, 16, 12, 0, 3, 0, 0, 0, 0, 0, 0
9, CIVILIZATION_GERMANY, 16, 12, 0, 3, 0, 0, 0, 0, 0, 0
9, CIVILIZATION_VIETNAM, 24, 15, 0, 3, 0, 0, 0, 0, 0, 0
9, CIVILIZATION_ROME, 16, 14, 0, 2, 0, 0, 0, 0, 0, 0
9, CIVILIZATION_BABYLON, 7, 10, 0, 1, 0, 0, 0, 0, 0, 0
9, CIVILIZATION_JERUSALEM, 7, 10, 0, 2, 0, 0, 0, 0, 0, 0
9, CIVILIZATION_HATTUSA, 7, 10, 0, 2, 0, 0, 0, 0, 0, 0
9, CIVILIZATION_JOHANNESBURG, 7, 10, 0, 2, 0, 0, 0, 0, 0, 0
9, CIVILIZATION_LISBON, 7, 10, 0, 1, 0, 0, 0, 0, 0, 0
9, CIVILIZATION_VATICAN_CITY, 7, 10, 0, 1, 0, 0, 0, 0, 0, 0
9, CIVILIZATION_VILNIUS, 7, 10, 0, 2, 0, 0, 0, 0, 0, 0
9, CIVILIZATION_YEREVAN, 7, 10, 0, 1, 0, 0, 0, 0, 0, 0
9, CIVILIZATION_BUENOS_AIRES, 7, 10, 0, 2, 0, 0, 0, 0, 0, 0
9, CIVILIZATION_FEZ, 7, 10, 0, 1, 0, 0, 0, 0, 0, 0
9, CIVILIZATION_KUMASI, 7, 10, 0, 2, 0, 0, 0, 0, 0, 0
9, CIVILIZATION_PRESLAV, 7, 10, 0, 1, 0, 0, 0, 0, 0, 0
9, CIVILIZATION_FREE_CITIES, 0, 0, 0, 0, 0, 0, 0, 0, 0, 0
9, CIVILIZATION_EGYPT, 8, 10, 0, 1, 0, 0, 0, 0, 0, 0
9, CIVILIZATION_BABYLON_STK, 9, 10, 0, 1, 0, 0, 0, 0, 0, 0
9, CIVILIZATION_INDIA, 8, 10, 0, 1, 0, 0, 0, 0, 0, 0
9, CIVILIZATION_MALI, 8, 10, 0, 2, 0, 0, 0, 0, 0, 0
9, CIVILIZATION_NUBIA, 10, 10, 0, 1, 0, 0, 0, 0, 0, 0
10, CIVILIZATION_MACEDON, 17, 11, 0, 3, 0, 0, 0, 0, 0, 0
10, CIVILIZATION_BRAZIL, 17, 12, 0, 3, 0, 0, 0, 0, 0, 0
10, CIVILIZATION_GERMANY, 16, 12, 0, 3, 0, 0, 0, 0, 0, 0
10, CIVILIZATION_VIETNAM, 24, 15, 0, 3, 0, 0, 0, 0, 0, 0
10, CIVILIZATION_ROME, 17, 15, 0, 3, 0, 0, 0, 0, 0, 0
10, CIVILIZATION_BABYLON, 7, 10, 0, 1, 0, 0, 0, 0, 0, 0
10, CIVILIZATION_JERUSALEM, 7, 10, 0, 2, 0, 0, 0, 0, 0, 0
10, CIVILIZATION_HATTUSA, 7, 10, 0, 2, 0, 0, 0, 0, 0, 0
10, CIVILIZATION_JOHANNESBURG, 7, 10, 0, 2, 0, 0, 0, 0, 0, 0
10, CIVILIZATION_LISBON, 7, 10, 0, 1, 0, 0, 0, 0, 0, 0
10, CIVILIZATION_VATICAN_CITY, 7, 10, 0, 2, 0, 0, 0, 0, 0, 0
10, CIVILIZATION_VILNIUS, 7, 10, 0, 2, 0, 0, 0, 0, 0, 0
10, CIVILIZATION_YEREVAN, 7, 10, 0, 1, 0, 0, 0, 0, 0, 0
10, CIVILIZATION_BUENOS_AIRES, 7, 10, 0, 2, 0, 0, 0, 0, 0, 0
10, CIVILIZATION_FEZ, 7, 10, 0, 1, 0, 0, 0, 0, 0, 0
10, CIVILIZATION_KUMASI, 7, 10, 0, 2, 0, 0, 0, 0, 0, 0
10, CIVILIZATION_PRESLAV, 7, 10, 0, 1, 0, 0, 0, 0, 0, 0
10, CIVILIZATION_FREE_CITIES, 0, 0, 0, 0, 0, 0, 0, 0, 0, 0
10, CIVILIZATION_EGYPT, 8, 10, 0, 1, 0, 0, 0, 0, 0, 0
10, CIVILIZATION_BABYLON_STK, 9, 10, 0, 1, 0, 0, 0, 0, 0, 0
10, CIVILIZATION_INDIA, 8, 10, 0, 1, 0, 0, 0, 0, 0, 0
10, CIVILIZATION_MALI, 9, 10, 0, 2, 0, 0, 0, 0, 0, 0
10, CIVILIZATION_NUBIA, 10, 10, 0, 1, 0, 0, 0, 0, 0, 0
11, CIVILIZATION_MACEDON, 17, 12, 0, 3, 0, 0, 0, 0, 0, 0
11, CIVILIZATION_BRAZIL, 17, 12, 0, 3, 0, 0, 0, 0, 0, 0
11, CIVILIZATION_GERMANY, 17, 12, 0, 3, 0, 0, 0, 0, 0, 0
11, CIVILIZATION_VIETNAM, 24, 19, 0, 4, 0, 0, 0, 0, 0, 0
11, CIVILIZATION_ROME, 18, 20, 0, 3, 0, 0, 0, 0, 0, 0
11, CIVILIZATION_BABYLON, 7, 10, 0, 1, 0, 0, 0, 0, 0, 0
11, CIVILIZATION_JERUSALEM, 8, 10, 0, 2, 0, 0, 0, 0, 0, 0
11, CIVILIZATION_HATTUSA, 7, 10, 0, 2, 0, 0, 0, 0, 0, 0
11, CIVILIZATION_JOHANNESBURG, 7, 10, 0, 2, 0, 0, 0, 0, 0, 0
11, CIVILIZATION_LISBON, 7, 10, 0, 1, 0, 0, 0, 0, 0, 0
11, CIVILIZATION_VATICAN_CITY, 7, 10, 0, 2, 0, 0, 0, 0, 0, 0
11, CIVILIZATION_VILNIUS, 7, 10, 0, 2, 0, 0, 0, 0, 0, 0
11, CIVILIZATION_YEREVAN, 7, 10, 0, 1, 0, 0, 0, 0, 0, 0
11, CIVILIZATION_BUENOS_AIRES, 7, 10, 0, 2, 0, 0, 0, 0, 0, 0
11, CIVILIZATION_FEZ, 7, 10, 0, 1, 0, 0, 0, 0, 0, 0
11, CIVILIZATION_KUMASI, 7, 10, 0, 3, 0, 0, 0, 0, 0, 0
11, CIVILIZATION_PRESLAV, 7, 10, 0, 1, 0, 0, 0, 0, 0, 0
11, CIVILIZATION_FREE_CITIES, 0, 0, 0, 0, 0, 0, 0, 0, 0, 0
11, CIVILIZATION_EGYPT, 17, 10, 0, 2, 0, 0, 0, 0, 0, 0
11, CIVILIZATION_BABYLON_STK, 9, 10, 0, 2, 0, 0, 0, 0, 0, 0
11, CIVILIZATION_INDIA, 8, 10, 0, 1, 0, 0, 0, 0, 0, 0
11, CIVILIZATION_MALI, 9, 10, 0, 2, 0, 0, 0, 0, 0, 0
11, CIVILIZATION_NUBIA, 17, 10, 0, 3, 0, 0, 0, 0, 0, 0
